time,open,high,low,close,volume
2022-10-28 00:00:00+00:00,1514.2,1514.3,1512.7,1512.7,345218.3403
2022-10-28 00:01:00+00:00,1512.4,1512.4,1510.0,1510.9,309779.3557
2022-10-28 00:02:00+00:00,1510.8,1513.8,1509.0,1513.1,9403678.9418
2022-10-28 00:03:00+00:00,1513.4,1514.2,1512.3,1513.9,1082756.0201
2022-10-28 00:04:00+00:00,1513.9,1515.8,1513.7,1515.8,882292.6495
2022-10-28 00:05:00+00:00,1515.8,1515.8,1514.4,1515.2,240018.8916
2022-10-28 00:06:00+00:00,1515.1,1515.4,1514.1,1514.7,326174.788
2022-10-28 00:07:00+00:00,1514.6,1516.5,1514.6,1516.5,240703.0856
2022-10-28 00:08:00+00:00,1516.5,1517.6,1516.5,1516.5,294760.7754
2022-10-28 00:09:00+00:00,1516.4,1518.3,1516.3,1517.6,556923.4852
2022-10-28 00:10:00+00:00,1517.6,1517.6,1513.1,1513.6,872621.6115
2022-10-28 00:11:00+00:00,1513.5,1513.6,1512.4,1512.8,278586.7234
2022-10-28 00:12:00+00:00,1512.6,1512.7,1511.0,1511.0,465340.9937
2022-10-28 00:13:00+00:00,1511.3,1511.8,1510.8,1511.0,345996.475
2022-10-28 00:14:00+00:00,1511.0,1511.3,1508.8,1511.0,504894.1789
2022-10-28 00:15:00+00:00,1511.4,1512.8,1511.3,1512.8,492058.413
2022-10-28 00:16:00+00:00,1512.0,1512.7,1511.3,1512.4,269862.609
2022-10-28 00:17:00+00:00,1512.1,1512.1,1508.1,1508.8,292253.384
2022-10-28 00:18:00+00:00,1508.9,1510.6,1506.4,1510.5,466752.1081
2022-10-28 00:19:00+00:00,1510.0,1510.7,1506.8,1507.0,310301.6298
2022-10-28 00:20:00+00:00,1506.9,1507.1,1503.0,1506.1,980162.2045
2022-10-28 00:21:00+00:00,1506.3,1507.6,1502.6,1502.6,3157408.7213
2022-10-28 00:22:00+00:00,1502.7,1511.3,1500.0,1510.2,2161677.8576
2022-10-28 00:23:00+00:00,1511.1,1511.6,1509.0,1510.7,289934.2399
2022-10-28 00:24:00+00:00,1510.9,1514.8,1510.7,1514.6,667693.7381
2022-10-28 00:25:00+00:00,1514.8,1516.2,1514.3,1515.7,411427.1911
2022-10-28 00:26:00+00:00,1515.9,1516.6,1513.4,1514.3,106091.2483
2022-10-28 00:27:00+00:00,1514.4,1515.6,1513.9,1514.5,36348.7279
2022-10-28 00:28:00+00:00,1514.0,1514.3,1512.8,1512.8,262181.374
2022-10-28 00:29:00+00:00,1512.8,1512.8,1511.6,1512.6,58280.0519
2022-10-28 00:30:00+00:00,1513.1,1514.4,1513.1,1514.4,247988.3162
2022-10-28 00:31:00+00:00,1514.7,1516.4,1514.7,1516.2,78517.1352
2022-10-28 00:32:00+00:00,1515.6,1518.1,1515.0,1518.0,120183.0238
2022-10-28 00:33:00+00:00,1518.2,1520.0,1518.1,1519.5,82514.315
2022-10-28 00:34:00+00:00,1519.5,1520.6,1518.6,1519.7,214860.4273
2022-10-28 00:35:00+00:00,1519.3,1522.0,1518.0,1522.0,83129.3489
2022-10-28 00:36:00+00:00,1521.8,1522.2,1520.1,1521.5,226986.268
2022-10-28 00:37:00+00:00,1522.0,1523.3,1521.1,1521.1,283770.3388
2022-10-28 00:38:00+00:00,1520.9,1521.7,1520.6,1521.1,130705.2091
2022-10-28 00:39:00+00:00,1521.2,1523.4,1521.1,1523.1,267778.3573
2022-10-28 00:40:00+00:00,1522.0,1522.0,1520.2,1521.4,82900.288
2022-10-28 00:41:00+00:00,1520.9,1521.5,1520.8,1521.0,7915.2799
2022-10-28 00:42:00+00:00,1520.0,1520.6,1519.6,1520.3,4698.0492
2022-10-28 00:43:00+00:00,1520.4,1520.4,1519.5,1519.5,3581.6237
2022-10-28 00:44:00+00:00,1519.1,1519.8,1519.0,1519.8,154317.6691
2022-10-28 00:45:00+00:00,1520.2,1520.8,1520.1,1520.1,17173.8848
2022-10-28 00:46:00+00:00,1520.5,1521.9,1519.9,1521.1,663222.2791
2022-10-28 00:47:00+00:00,1521.6,1522.5,1521.4,1521.6,38000.1944
2022-10-28 00:48:00+00:00,1522.0,1522.0,1520.6,1520.6,13332.0283
2022-10-28 00:49:00+00:00,1520.8,1521.9,1520.5,1521.9,30969.0991
2022-10-28 00:50:00+00:00,1521.8,1521.8,1516.7,1519.3,1514858.0121
2022-10-28 00:51:00+00:00,1519.2,1519.2,1516.3,1519.0,1131750.895
2022-10-28 00:52:00+00:00,1519.2,1520.0,1519.0,1519.4,238826.1437
2022-10-28 00:53:00+00:00,1519.4,1519.4,1518.0,1519.0,128073.8891
2022-10-28 00:54:00+00:00,1519.1,1519.1,1518.0,1518.0,39082.4706
2022-10-28 00:55:00+00:00,1518.6,1518.6,1517.0,1517.4,212748.8093
2022-10-28 00:56:00+00:00,1518.0,1518.9,1517.9,1518.4,83138.694
2022-10-28 00:57:00+00:00,1518.5,1518.5,1518.1,1518.4,139714.5313
2022-10-28 00:58:00+00:00,1519.0,1519.8,1519.0,1519.3,69657.0655
2022-10-28 00:59:00+00:00,1519.2,1519.6,1519.2,1519.6,16627.3084
2022-10-28 01:00:00+00:00,1519.8,1520.1,1516.2,1516.2,505416.232
2022-10-28 01:01:00+00:00,1516.1,1517.2,1514.0,1514.3,854274.3539
2022-10-28 01:02:00+00:00,1514.4,1515.3,1514.4,1514.9,49324.9315
2022-10-28 01:03:00+00:00,1515.2,1515.9,1515.0,1515.0,81860.9179
2022-10-28 01:04:00+00:00,1515.0,1516.2,1514.0,1516.2,163925.2264
2022-10-28 01:05:00+00:00,1515.7,1518.3,1515.6,1517.7,89017.6224
2022-10-28 01:06:00+00:00,1517.7,1519.9,1517.5,1518.7,193688.8073
2022-10-28 01:07:00+00:00,1518.6,1518.8,1517.8,1517.8,64789.3794
2022-10-28 01:08:00+00:00,1517.5,1517.5,1516.4,1516.4,63890.9952
2022-10-28 01:09:00+00:00,1517.4,1517.4,1517.0,1517.2,8178.9076
2022-10-28 01:10:00+00:00,1517.9,1519.9,1517.9,1519.9,114277.9848
2022-10-28 01:11:00+00:00,1519.1,1520.0,1518.6,1519.8,199129.7816
2022-10-28 01:12:00+00:00,1519.7,1520.0,1519.2,1520.0,78008.2833
2022-10-28 01:13:00+00:00,1520.2,1521.1,1520.2,1521.0,172023.8879
2022-10-28 01:14:00+00:00,1521.2,1521.4,1520.2,1520.6,413598.1663
2022-10-28 01:15:00+00:00,1520.3,1520.5,1519.0,1520.0,84220.4079
2022-10-28 01:16:00+00:00,1520.9,1520.9,1520.0,1520.4,17792.2331
2022-10-28 01:17:00+00:00,1520.4,1521.5,1520.2,1521.1,94194.3567
2022-10-28 01:18:00+00:00,1521.5,1521.6,1520.4,1520.6,109219.2298
2022-10-28 01:19:00+00:00,1520.9,1520.9,1520.1,1520.3,55500.6016
2022-10-28 01:20:00+00:00,1520.7,1520.7,1519.7,1519.9,34460.7616
2022-10-28 01:21:00+00:00,1520.2,1520.5,1519.0,1519.0,245885.747
2022-10-28 01:22:00+00:00,1519.2,1519.6,1518.8,1519.3,102249.3159
2022-10-28 01:23:00+00:00,1519.7,1519.7,1518.3,1518.9,46308.4407
2022-10-28 01:24:00+00:00,1519.3,1519.7,1518.8,1518.8,29664.5231
2022-10-28 01:25:00+00:00,1519.5,1519.8,1519.3,1519.3,33398.2006
2022-10-28 01:26:00+00:00,1519.0,1519.0,1516.3,1517.0,448796.1327
2022-10-28 01:27:00+00:00,1517.7,1517.8,1517.7,1517.8,18549.0192
2022-10-28 01:28:00+00:00,1518.3,1519.1,1518.3,1519.1,41971.5577
2022-10-28 01:29:00+00:00,1519.3,1519.7,1518.9,1519.1,349172.3473
2022-10-28 01:30:00+00:00,1519.1,1519.6,1519.1,1519.6,10740.1949
2022-10-28 01:31:00+00:00,1518.6,1518.8,1516.5,1517.2,175725.3324
2022-10-28 01:32:00+00:00,1517.0,1517.3,1516.5,1516.5,20585.91
2022-10-28 01:33:00+00:00,1516.5,1517.6,1516.2,1516.6,86863.2737
2022-10-28 01:34:00+00:00,1516.2,1516.7,1516.1,1516.6,31494.9911
2022-10-28 01:35:00+00:00,1516.7,1517.9,1516.7,1517.3,18459.4969
2022-10-28 01:36:00+00:00,1518.0,1518.3,1517.4,1517.4,16152.2534
2022-10-28 01:37:00+00:00,1518.6,1519.3,1518.5,1518.5,72475.0267
2022-10-28 01:38:00+00:00,1518.4,1518.4,1517.7,1517.9,14735.9158
2022-10-28 01:39:00+00:00,1517.9,1518.0,1517.3,1517.3,15709.9859
2022-10-28 01:40:00+00:00,1517.5,1518.2,1517.5,1518.2,15705.2935
2022-10-28 01:41:00+00:00,1518.2,1521.1,1518.2,1521.1,160272.6121
2022-10-28 01:42:00+00:00,1521.6,1521.9,1520.7,1520.8,117760.646
2022-10-28 01:43:00+00:00,1520.5,1520.5,1520.5,1520.5,83.6275
2022-10-28 01:44:00+00:00,1520.9,1521.0,1520.6,1520.6,14482.9662
2022-10-28 01:45:00+00:00,1520.8,1521.6,1520.8,1521.3,67288.1646
2022-10-28 01:46:00+00:00,1521.5,1522.2,1521.5,1522.0,57912.9748
2022-10-28 01:47:00+00:00,1522.4,1522.5,1522.4,1522.5,4206.4508
2022-10-28 01:48:00+00:00,1523.0,1523.0,1522.6,1522.6,159386.0982
2022-10-28 01:49:00+00:00,1522.2,1522.2,1521.5,1521.9,27415.0601
2022-10-28 01:50:00+00:00,1522.3,1522.3,1521.2,1521.2,911.5046
2022-10-28 01:51:00+00:00,1522.3,1522.4,1522.3,1522.3,13860.6401
2022-10-28 01:52:00+00:00,1522.1,1522.1,1521.2,1521.8,88364.6685
2022-10-28 01:53:00+00:00,1521.3,1522.2,1521.3,1521.8,49162.4222
2022-10-28 01:54:00+00:00,1521.6,1522.1,1521.6,1522.1,3706.8111
2022-10-28 01:55:00+00:00,1522.2,1522.3,1522.0,1522.3,40107.299
2022-10-28 01:56:00+00:00,1522.6,1524.3,1522.3,1523.6,3204629.1206
2022-10-28 01:57:00+00:00,1524.0,1525.6,1523.5,1525.1,806744.8036
2022-10-28 01:58:00+00:00,1524.7,1524.7,1523.5,1524.2,45537.905
2022-10-28 01:59:00+00:00,1524.5,1524.5,1524.3,1524.4,3019.8833
2022-10-28 02:00:00+00:00,1524.7,1524.8,1524.1,1524.2,70161.6812
2022-10-28 02:01:00+00:00,1524.2,1524.2,1524.0,1524.0,15256.813
2022-10-28 02:02:00+00:00,1523.9,1523.9,1522.4,1522.7,479541.1469
2022-10-28 02:03:00+00:00,1522.6,1523.1,1522.1,1522.8,89549.0727
2022-10-28 02:04:00+00:00,1522.9,1523.3,1522.8,1522.8,49595.8251
2022-10-28 02:05:00+00:00,1522.8,1523.6,1522.6,1522.6,93209.2255
2022-10-28 02:06:00+00:00,1522.6,1522.6,1521.8,1521.8,38633.9121
2022-10-28 02:07:00+00:00,1521.6,1521.9,1521.1,1521.1,38778.7006
2022-10-28 02:08:00+00:00,1521.0,1522.0,1521.0,1522.0,1872788.431
2022-10-28 02:09:00+00:00,1521.0,1521.9,1521.0,1521.0,350334.391
2022-10-28 02:10:00+00:00,1521.0,1521.1,1519.4,1520.3,1839283.6176
2022-10-28 02:11:00+00:00,1520.1,1520.1,1517.8,1518.0,171790.987
2022-10-28 02:12:00+00:00,1518.1,1518.7,1510.0,1512.8,2766456.0639
2022-10-28 02:13:00+00:00,1512.6,1512.7,1506.8,1509.7,1559678.2132
2022-10-28 02:14:00+00:00,1510.0,1511.7,1509.5,1511.4,285240.0256
2022-10-28 02:15:00+00:00,1511.4,1513.1,1510.8,1512.0,446580.5511
2022-10-28 02:16:00+00:00,1512.4,1513.7,1511.9,1512.5,344923.5585
2022-10-28 02:17:00+00:00,1512.4,1513.4,1511.2,1513.4,664756.6417
2022-10-28 02:18:00+00:00,1513.5,1513.5,1512.3,1513.0,153836.2841
2022-10-28 02:19:00+00:00,1513.5,1514.1,1513.5,1513.7,62805.0669
2022-10-28 02:20:00+00:00,1513.7,1514.5,1513.7,1514.5,7280.6209
2022-10-28 02:21:00+00:00,1514.2,1514.2,1513.3,1513.4,99674.7793
2022-10-28 02:22:00+00:00,1512.5,1512.5,1510.8,1511.2,124260.2647
2022-10-28 02:23:00+00:00,1511.2,1512.0,1510.8,1511.8,213750.2118
2022-10-28 02:24:00+00:00,1513.2,1513.4,1512.8,1513.4,52190.8808
2022-10-28 02:25:00+00:00,1513.8,1515.9,1513.8,1515.2,478696.3997
2022-10-28 02:26:00+00:00,1516.1,1516.7,1516.1,1516.4,25363.1125
2022-10-28 02:27:00+00:00,1515.9,1516.0,1515.4,1515.8,186759.7048
2022-10-28 02:28:00+00:00,1515.3,1515.6,1515.2,1515.6,66652.0431
2022-10-28 02:29:00+00:00,1516.3,1516.9,1516.3,1516.9,55227.0294
2022-10-28 02:30:00+00:00,1516.4,1516.4,1516.0,1516.0,46479.291
2022-10-28 02:31:00+00:00,1515.2,1515.5,1514.9,1514.9,9878.1034
2022-10-28 02:32:00+00:00,1515.1,1515.4,1514.6,1514.6,22009.6461
2022-10-28 02:33:00+00:00,1515.7,1516.1,1514.6,1515.0,119144.4805
2022-10-28 02:34:00+00:00,1514.7,1514.7,1514.0,1514.0,8257.568
2022-10-28 02:35:00+00:00,1514.4,1514.4,1512.8,1512.8,143259.3477
2022-10-28 02:36:00+00:00,1512.7,1512.7,1510.2,1511.5,418330.498
2022-10-28 02:37:00+00:00,1510.9,1511.1,1508.7,1509.6,154467.466
2022-10-28 02:38:00+00:00,1509.9,1510.3,1509.7,1510.3,62847.0579
2022-10-28 02:39:00+00:00,1510.2,1511.0,1510.2,1510.4,116444.0457
2022-10-28 02:40:00+00:00,1510.1,1511.1,1510.1,1511.1,52255.1761
2022-10-28 02:41:00+00:00,1511.6,1512.1,1511.2,1511.5,110162.4892
2022-10-28 02:42:00+00:00,1511.6,1512.9,1511.6,1512.9,31286.5872
2022-10-28 02:43:00+00:00,1512.4,1512.4,1511.1,1511.1,68363.0692
2022-10-28 02:44:00+00:00,1510.9,1510.9,1509.5,1509.5,64184.9312
2022-10-28 02:45:00+00:00,1509.2,1510.6,1508.2,1510.6,168841.5839
2022-10-28 02:46:00+00:00,1510.5,1512.0,1510.5,1511.3,45522.4493
2022-10-28 02:47:00+00:00,1511.3,1511.3,1508.6,1508.6,64133.8901
2022-10-28 02:48:00+00:00,1508.3,1509.1,1507.4,1507.5,82955.6157
2022-10-28 02:49:00+00:00,1507.5,1508.2,1504.7,1506.1,434485.2607
2022-10-28 02:50:00+00:00,1506.3,1507.3,1504.5,1505.7,313504.4306
2022-10-28 02:51:00+00:00,1505.5,1505.5,1503.6,1503.8,112855.4036
2022-10-28 02:52:00+00:00,1503.8,1505.4,1503.6,1504.2,168368.9732
2022-10-28 02:53:00+00:00,1504.6,1506.6,1503.0,1506.0,3443734.7561
2022-10-28 02:54:00+00:00,1506.1,1506.3,1500.7,1502.9,1192075.1742
2022-10-28 02:55:00+00:00,1502.9,1504.3,1495.7,1500.2,2343537.4284
2022-10-28 02:56:00+00:00,1500.4,1504.6,1500.0,1504.5,757111.2016
2022-10-28 02:57:00+00:00,1504.4,1505.4,1504.2,1504.9,327127.825
2022-10-28 02:58:00+00:00,1505.2,1505.3,1500.7,1501.2,431344.2763
2022-10-28 02:59:00+00:00,1501.5,1502.4,1501.5,1501.7,180671.2929
2022-10-28 03:00:00+00:00,1501.8,1501.8,1499.4,1500.6,438890.4819
2022-10-28 03:01:00+00:00,1501.3,1502.2,1500.5,1502.2,361415.516
2022-10-28 03:02:00+00:00,1502.5,1504.3,1502.5,1504.3,292200.7608
2022-10-28 03:03:00+00:00,1504.2,1505.6,1503.2,1503.3,385644.5135
2022-10-28 03:04:00+00:00,1503.0,1503.5,1501.7,1502.3,857698.1073
2022-10-28 03:05:00+00:00,1502.3,1502.3,1501.3,1502.2,259187.6997
2022-10-28 03:06:00+00:00,1501.9,1503.4,1501.3,1502.9,171626.3924
2022-10-28 03:07:00+00:00,1502.9,1505.2,1502.7,1504.8,134193.8868
2022-10-28 03:08:00+00:00,1504.7,1505.2,1504.7,1504.9,339900.4293
2022-10-28 03:09:00+00:00,1504.9,1505.1,1504.2,1504.5,623245.0209
2022-10-28 03:10:00+00:00,1504.5,1505.2,1504.0,1505.1,139530.8684
2022-10-28 03:11:00+00:00,1505.1,1506.6,1505.1,1505.6,259486.785
2022-10-28 03:12:00+00:00,1506.1,1506.8,1505.6,1506.5,464585.938
2022-10-28 03:13:00+00:00,1506.7,1506.9,1505.8,1505.9,107045.3529
2022-10-28 03:14:00+00:00,1506.0,1506.5,1506.0,1506.4,16100.9615
2022-10-28 03:15:00+00:00,1505.9,1506.0,1504.8,1505.0,30218.0382
2022-10-28 03:16:00+00:00,1505.1,1505.1,1504.6,1504.7,31541.8722
2022-10-28 03:17:00+00:00,1504.4,1504.4,1502.4,1502.4,523224.9263
2022-10-28 03:18:00+00:00,1502.6,1504.0,1502.6,1504.0,8195.142
2022-10-28 03:19:00+00:00,1504.1,1504.3,1503.6,1503.7,51142.7167
2022-10-28 03:20:00+00:00,1504.0,1505.2,1504.0,1505.2,80763.1903
2022-10-28 03:21:00+00:00,1505.2,1506.4,1505.0,1506.4,86809.2415
2022-10-28 03:22:00+00:00,1506.2,1507.2,1505.6,1507.1,146180.4174
2022-10-28 03:23:00+00:00,1507.1,1507.7,1506.8,1506.9,350082.5322
2022-10-28 03:24:00+00:00,1507.2,1507.2,1506.5,1506.5,51468.3743
2022-10-28 03:25:00+00:00,1506.5,1506.9,1506.5,1506.8,3284.758
2022-10-28 03:26:00+00:00,1506.5,1506.5,1505.6,1505.6,125596.6534
2022-10-28 03:27:00+00:00,1505.0,1505.0,1504.2,1504.9,109269.0331
2022-10-28 03:28:00+00:00,1505.7,1505.7,1505.5,1505.5,30820.058
2022-10-28 03:29:00+00:00,1505.4,1509.9,1505.4,1507.8,1490570.1062
2022-10-28 03:30:00+00:00,1507.9,1507.9,1506.8,1507.7,216619.4198
2022-10-28 03:31:00+00:00,1507.5,1507.5,1507.0,1507.0,16712.737
2022-10-28 03:32:00+00:00,1507.2,1507.4,1507.1,1507.1,5154.2947
2022-10-28 03:33:00+00:00,1506.9,1507.4,1506.9,1507.4,45968.2214
2022-10-28 03:34:00+00:00,1507.5,1507.7,1507.5,1507.7,162.812
2022-10-28 03:35:00+00:00,1507.0,1507.3,1506.4,1507.0,301527.035
2022-10-28 03:36:00+00:00,1506.7,1506.7,1505.9,1505.9,27738.1501
2022-10-28 03:37:00+00:00,1505.9,1506.6,1505.9,1506.6,72788.3729
2022-10-28 03:38:00+00:00,1506.7,1507.0,1506.7,1506.9,67820.1264
2022-10-28 03:39:00+00:00,1507.2,1507.6,1507.2,1507.3,65135.6294
2022-10-28 03:40:00+00:00,1507.3,1507.4,1507.3,1507.3,7229.2578
2022-10-28 03:41:00+00:00,1507.3,1508.2,1507.3,1508.2,43560.6526
2022-10-28 03:42:00+00:00,1508.3,1509.3,1507.7,1508.4,118246.2036
2022-10-28 03:43:00+00:00,1507.9,1507.9,1507.1,1507.3,48500.096
2022-10-28 03:44:00+00:00,1507.3,1507.3,1507.0,1507.3,16315.0993
2022-10-28 03:45:00+00:00,1507.4,1507.4,1507.2,1507.4,19449.7359
2022-10-28 03:46:00+00:00,1507.0,1507.2,1505.8,1506.4,115911.7274
2022-10-28 03:47:00+00:00,1506.3,1506.3,1505.2,1505.2,50486.6868
2022-10-28 03:48:00+00:00,1505.6,1505.8,1505.6,1505.6,24319.2678
2022-10-28 03:49:00+00:00,1505.6,1505.6,1505.0,1505.2,35929.3595
2022-10-28 03:50:00+00:00,1505.1,1505.2,1504.9,1504.9,11495.92
2022-10-28 03:51:00+00:00,1505.0,1506.2,1504.9,1505.9,58689.1678
2022-10-28 03:52:00+00:00,1505.9,1506.5,1505.5,1506.5,16113.3609
2022-10-28 03:53:00+00:00,1506.1,1506.1,1506.1,1506.1,418.6958
2022-10-28 03:54:00+00:00,1506.2,1506.2,1506.2,1506.2,451.86
2022-10-28 03:55:00+00:00,1506.2,1506.7,1506.2,1506.2,8655.8702
2022-10-28 03:56:00+00:00,1506.1,1506.4,1505.7,1506.4,4156.578
2022-10-28 03:57:00+00:00,1506.2,1507.4,1506.2,1507.4,13287.4307
2022-10-28 03:58:00+00:00,1507.2,1507.7,1507.2,1507.5,2593.055
2022-10-28 03:59:00+00:00,1508.0,1508.0,1507.9,1508.0,7342.2081
2022-10-28 04:00:00+00:00,1507.7,1507.7,1507.1,1507.2,22672.4838
2022-10-28 04:01:00+00:00,1507.6,1507.6,1506.2,1506.8,74563.6799
2022-10-28 04:02:00+00:00,1507.0,1508.4,1507.0,1508.4,35896.4396
2022-10-28 04:03:00+00:00,1508.5,1508.6,1508.2,1508.6,5594.6387
2022-10-28 04:04:00+00:00,1509.1,1509.2,1507.7,1507.7,70994.0451
2022-10-28 04:05:00+00:00,1507.3,1507.3,1507.3,1507.3,440.1316
2022-10-28 04:06:00+00:00,1506.8,1506.8,1505.8,1506.4,257518.1796
2022-10-28 04:07:00+00:00,1505.8,1506.2,1505.6,1506.2,57658.8126
2022-10-28 04:08:00+00:00,1506.3,1506.4,1506.3,1506.4,17806.927
2022-10-28 04:09:00+00:00,1506.8,1506.9,1506.8,1506.8,6027.4027
2022-10-28 04:10:00+00:00,1506.8,1506.9,1506.8,1506.9,7583.7426
2022-10-28 04:11:00+00:00,1507.3,1507.3,1505.7,1506.7,94493.6295
2022-10-28 04:12:00+00:00,1506.8,1508.1,1506.8,1508.1,75293.7479
2022-10-28 04:13:00+00:00,1508.2,1508.2,1507.7,1508.0,2519.9332
2022-10-28 04:14:00+00:00,1507.8,1508.6,1507.8,1508.6,48157.567
2022-10-28 04:15:00+00:00,1508.5,1508.5,1508.0,1508.5,6224.6601
2022-10-28 04:16:00+00:00,1508.6,1508.6,1508.6,1508.6,6518.6606
2022-10-28 04:17:00+00:00,1508.4,1508.4,1507.8,1507.8,29213.6267
2022-10-28 04:18:00+00:00,1507.9,1509.7,1507.7,1509.7,47924.0632
2022-10-28 04:19:00+00:00,1509.6,1509.6,1509.4,1509.6,13912.7432
2022-10-28 04:20:00+00:00,1509.8,1510.3,1509.4,1509.6,52704.8918
2022-10-28 04:21:00+00:00,1509.4,1509.5,1507.7,1507.7,99155.8842
2022-10-28 04:22:00+00:00,1507.8,1508.7,1507.8,1508.2,37912.0827
2022-10-28 04:23:00+00:00,1508.3,1508.3,1507.8,1507.9,80333.9973
2022-10-28 04:24:00+00:00,1508.0,1508.1,1507.7,1507.7,4543.0723
2022-10-28 04:25:00+00:00,1507.6,1508.1,1507.4,1508.0,25058.5428
2022-10-28 04:26:00+00:00,1508.0,1508.0,1508.0,1508.0,1961.908
2022-10-28 04:27:00+00:00,1508.8,1508.9,1508.8,1508.9,8219.9953
2022-10-28 04:28:00+00:00,1508.9,1508.9,1508.9,1508.9,0.0
2022-10-28 04:29:00+00:00,1509.0,1509.0,1508.2,1508.7,46120.8814
2022-10-28 04:30:00+00:00,1508.6,1508.6,1507.1,1507.6,33587.4633
2022-10-28 04:31:00+00:00,1508.1,1508.2,1508.1,1508.2,556.5167
2022-10-28 04:32:00+00:00,1508.0,1508.4,1508.0,1508.4,3387.0648
2022-10-28 04:33:00+00:00,1508.3,1508.8,1508.3,1508.8,9471.8357
2022-10-28 04:34:00+00:00,1509.0,1509.2,1509.0,1509.2,5153.5192
2022-10-28 04:35:00+00:00,1508.4,1508.4,1508.4,1508.4,15.084
2022-10-28 04:36:00+00:00,1508.3,1508.3,1507.4,1507.4,5416.0551
2022-10-28 04:37:00+00:00,1507.4,1507.4,1507.4,1507.4,3025.3518
2022-10-28 04:38:00+00:00,1507.5,1508.0,1507.5,1508.0,601.5255
2022-10-28 04:39:00+00:00,1507.8,1509.0,1507.8,1509.0,10674.0471
2022-10-28 04:40:00+00:00,1508.9,1508.9,1508.8,1508.8,4076.8851
2022-10-28 04:41:00+00:00,1508.7,1508.9,1508.7,1508.8,1750.2733
2022-10-28 04:42:00+00:00,1508.6,1509.3,1508.6,1509.3,7896.584
2022-10-28 04:43:00+00:00,1509.8,1510.2,1509.8,1510.0,9757.9462
2022-10-28 04:44:00+00:00,1509.8,1509.8,1509.3,1509.4,3331.4138
2022-10-28 04:45:00+00:00,1509.5,1509.5,1509.5,1509.5,15095.0
2022-10-28 04:46:00+00:00,1509.9,1510.5,1508.6,1509.4,104295.0782
2022-10-28 04:47:00+00:00,1509.2,1509.2,1507.5,1507.5,8448.7005
2022-10-28 04:48:00+00:00,1507.0,1507.4,1506.6,1507.4,29038.4432
2022-10-28 04:49:00+00:00,1508.1,1509.4,1508.1,1509.2,28950.768
2022-10-28 04:50:00+00:00,1509.4,1509.6,1509.2,1509.6,5798.2336
2022-10-28 04:51:00+00:00,1509.6,1509.8,1509.6,1509.8,3647.592
2022-10-28 04:52:00+00:00,1510.1,1510.4,1510.0,1510.0,13633.3005
2022-10-28 04:53:00+00:00,1510.2,1510.2,1509.8,1509.8,13029.6708
2022-10-28 04:54:00+00:00,1509.9,1509.9,1509.5,1509.5,3816.5472
2022-10-28 04:55:00+00:00,1509.5,1509.6,1509.5,1509.6,4510.6702
2022-10-28 04:56:00+00:00,1509.8,1509.8,1509.7,1509.7,1630.4851
2022-10-28 04:57:00+00:00,1509.3,1509.5,1508.7,1508.7,12320.5587
2022-10-28 04:58:00+00:00,1508.6,1508.7,1507.7,1508.2,311865.5642
2022-10-28 04:59:00+00:00,1508.0,1508.2,1507.6,1508.2,54149.6338
2022-10-28 05:00:00+00:00,1507.7,1507.7,1507.1,1507.1,10849.7872
2022-10-28 05:01:00+00:00,1507.0,1507.2,1506.7,1506.7,85498.0386
2022-10-28 05:02:00+00:00,1507.0,1507.5,1506.7,1506.7,66036.5352
2022-10-28 05:03:00+00:00,1506.4,1506.5,1505.6,1505.7,29203.9143
2022-10-28 05:04:00+00:00,1505.7,1507.1,1505.7,1506.9,14989.5828
2022-10-28 05:05:00+00:00,1507.0,1508.0,1507.0,1507.6,23159.1117
2022-10-28 05:06:00+00:00,1507.3,1507.7,1507.3,1507.7,55637.0265
2022-10-28 05:07:00+00:00,1507.2,1507.2,1504.5,1504.6,68021.6399
2022-10-28 05:08:00+00:00,1505.0,1505.4,1502.8,1503.2,528432.7263
2022-10-28 05:09:00+00:00,1503.6,1503.8,1501.3,1503.2,520370.4106
2022-10-28 05:10:00+00:00,1503.3,1504.0,1503.3,1503.7,33596.756
2022-10-28 05:11:00+00:00,1503.9,1504.7,1503.9,1504.7,44103.4839
2022-10-28 05:12:00+00:00,1504.7,1504.7,1503.4,1503.4,60410.1361
2022-10-28 05:13:00+00:00,1502.9,1502.9,1502.0,1502.4,107126.9291
2022-10-28 05:14:00+00:00,1503.0,1503.3,1503.0,1503.3,6452.469
2022-10-28 05:15:00+00:00,1503.3,1503.3,1502.0,1503.2,206339.3989
2022-10-28 05:16:00+00:00,1503.3,1505.8,1503.3,1505.8,80814.8371
2022-10-28 05:17:00+00:00,1506.1,1507.1,1506.1,1506.3,98394.8012
2022-10-28 05:18:00+00:00,1507.2,1508.0,1506.6,1507.8,45026.6975
2022-10-28 05:19:00+00:00,1507.0,1507.0,1506.4,1506.8,31841.853
2022-10-28 05:20:00+00:00,1507.0,1508.2,1506.8,1507.5,45409.3835
2022-10-28 05:21:00+00:00,1507.4,1507.5,1507.2,1507.3,30298.5659
2022-10-28 05:22:00+00:00,1507.6,1508.3,1507.6,1508.3,7253.4179
2022-10-28 05:23:00+00:00,1508.4,1509.5,1508.4,1509.3,63563.6447
2022-10-28 05:24:00+00:00,1509.4,1510.6,1509.4,1509.4,837780.9036
2022-10-28 05:25:00+00:00,1509.9,1510.1,1509.9,1510.1,1949.5209
2022-10-28 05:26:00+00:00,1510.0,1510.0,1509.3,1509.9,82055.7339
2022-10-28 05:27:00+00:00,1509.9,1510.1,1508.1,1508.1,97108.6345
2022-10-28 05:28:00+00:00,1508.3,1508.4,1507.1,1508.3,91601.0716
2022-10-28 05:29:00+00:00,1508.1,1508.1,1507.4,1507.6,6888.6863
2022-10-28 05:30:00+00:00,1507.3,1508.7,1506.7,1508.7,117108.1962
2022-10-28 05:31:00+00:00,1509.1,1509.4,1509.1,1509.3,5060.6922
2022-10-28 05:32:00+00:00,1509.6,1509.6,1509.5,1509.5,128.3085
2022-10-28 05:33:00+00:00,1510.2,1510.2,1508.8,1508.8,12622.5946
2022-10-28 05:34:00+00:00,1508.0,1508.0,1507.6,1508.0,39748.2873
2022-10-28 05:35:00+00:00,1507.8,1507.9,1507.6,1507.6,1772.9831
2022-10-28 05:36:00+00:00,1507.5,1507.5,1506.1,1506.4,2996.3099
2022-10-28 05:37:00+00:00,1506.2,1506.6,1506.0,1506.2,12925.9048
2022-10-28 05:38:00+00:00,1506.3,1507.3,1506.3,1507.3,4345.8704
2022-10-28 05:39:00+00:00,1507.8,1508.4,1507.8,1508.4,17960.1356
2022-10-28 05:40:00+00:00,1508.1,1509.0,1508.1,1508.7,26127.8771
2022-10-28 05:41:00+00:00,1508.8,1509.2,1508.8,1509.0,6958.3021
2022-10-28 05:42:00+00:00,1508.6,1508.6,1508.6,1508.6,144.8256
2022-10-28 05:43:00+00:00,1509.0,1509.7,1508.9,1508.9,43908.5739
2022-10-28 05:44:00+00:00,1508.8,1508.8,1508.2,1508.5,22830.2009
2022-10-28 05:45:00+00:00,1508.5,1508.9,1508.5,1508.9,10912.6118
2022-10-28 05:46:00+00:00,1509.1,1510.0,1509.0,1509.2,22446.9554
2022-10-28 05:47:00+00:00,1509.0,1511.2,1509.0,1511.2,64442.9169
2022-10-28 05:48:00+00:00,1511.3,1511.7,1510.9,1511.0,89554.7562
2022-10-28 05:49:00+00:00,1511.2,1511.3,1511.2,1511.3,4512.5434
2022-10-28 05:50:00+00:00,1510.9,1512.6,1510.9,1512.6,102143.8384
2022-10-28 05:51:00+00:00,1512.9,1513.3,1512.2,1513.1,135353.293
2022-10-28 05:52:00+00:00,1513.2,1515.8,1513.2,1515.8,912782.6169
2022-10-28 05:53:00+00:00,1515.4,1516.8,1515.1,1516.2,209323.5837
2022-10-28 05:54:00+00:00,1516.1,1516.6,1516.0,1516.6,14978.8042
2022-10-28 05:55:00+00:00,1516.4,1516.9,1515.7,1516.1,83884.6218
2022-10-28 05:56:00+00:00,1515.6,1515.6,1514.7,1515.2,72824.9259
2022-10-28 05:57:00+00:00,1515.1,1515.6,1515.1,1515.6,4562.9663
2022-10-28 05:58:00+00:00,1516.3,1516.5,1515.5,1515.9,98219.0433
2022-10-28 05:59:00+00:00,1515.9,1516.3,1515.8,1516.3,23821.9833
2022-10-28 06:00:00+00:00,1517.0,1518.2,1516.8,1518.0,70184.274
2022-10-28 06:01:00+00:00,1518.2,1520.3,1517.8,1519.7,253400.5082
2022-10-28 06:02:00+00:00,1518.6,1519.0,1516.7,1516.7,122595.704
2022-10-28 06:03:00+00:00,1516.9,1517.4,1516.5,1517.4,216597.4981
2022-10-28 06:04:00+00:00,1517.0,1517.4,1516.8,1516.8,36758.008
2022-10-28 06:05:00+00:00,1516.2,1516.3,1515.5,1515.5,52371.4285
2022-10-28 06:06:00+00:00,1515.7,1516.1,1515.7,1516.0,21542.2825
2022-10-28 06:07:00+00:00,1515.9,1516.0,1515.1,1515.1,17195.7514
2022-10-28 06:08:00+00:00,1515.5,1515.6,1514.8,1514.9,76400.7922
2022-10-28 06:09:00+00:00,1515.0,1515.4,1514.1,1515.4,102446.9641
2022-10-28 06:10:00+00:00,1515.3,1515.6,1515.3,1515.6,7857.9846
2022-10-28 06:11:00+00:00,1515.5,1516.2,1515.3,1516.2,12407.357
2022-10-28 06:12:00+00:00,1516.0,1516.5,1515.4,1515.4,75061.3046
2022-10-28 06:13:00+00:00,1515.5,1515.5,1514.8,1515.2,24852.3104
2022-10-28 06:14:00+00:00,1515.2,1516.4,1515.1,1516.0,166053.6686
2022-10-28 06:15:00+00:00,1516.1,1516.1,1515.0,1515.0,11043.1596
2022-10-28 06:16:00+00:00,1514.9,1516.6,1514.8,1516.5,669909.4844
2022-10-28 06:17:00+00:00,1516.8,1516.9,1514.0,1514.0,58335.6355
2022-10-28 06:18:00+00:00,1514.0,1515.0,1514.0,1514.7,68398.6932
2022-10-28 06:19:00+00:00,1514.8,1515.0,1514.8,1515.0,20681.2539
2022-10-28 06:20:00+00:00,1515.1,1515.6,1515.1,1515.6,3977.4776
2022-10-28 06:21:00+00:00,1515.7,1515.7,1515.5,1515.7,6332.208
2022-10-28 06:22:00+00:00,1515.1,1515.6,1515.1,1515.5,23023.4482
2022-10-28 06:23:00+00:00,1514.9,1515.3,1514.9,1515.0,50974.3736
2022-10-28 06:24:00+00:00,1514.9,1514.9,1514.9,1514.9,1514.9
2022-10-28 06:25:00+00:00,1514.9,1515.0,1514.8,1514.8,834.6912
2022-10-28 06:26:00+00:00,1515.2,1515.8,1514.9,1514.9,54206.5998
2022-10-28 06:27:00+00:00,1514.8,1514.8,1513.7,1514.0,111743.3183
2022-10-28 06:28:00+00:00,1514.0,1514.7,1513.8,1514.5,74993.574
2022-10-28 06:29:00+00:00,1514.5,1515.1,1514.5,1515.0,65505.5878
2022-10-28 06:30:00+00:00,1514.6,1514.6,1514.1,1514.4,28848.5065
2022-10-28 06:31:00+00:00,1514.4,1514.4,1514.4,1514.4,3028.8
2022-10-28 06:32:00+00:00,1514.3,1514.3,1513.1,1514.2,31899.9015
2022-10-28 06:33:00+00:00,1514.6,1515.3,1514.6,1514.7,22635.9755
2022-10-28 06:34:00+00:00,1514.6,1514.6,1514.4,1514.4,6479.058
2022-10-28 06:35:00+00:00,1514.1,1515.6,1514.1,1515.4,116176.1455
2022-10-28 06:36:00+00:00,1515.3,1515.3,1514.6,1514.8,68667.8175
2022-10-28 06:37:00+00:00,1514.0,1514.0,1513.6,1513.8,26225.2052
2022-10-28 06:38:00+00:00,1513.4,1513.4,1512.7,1512.7,203523.7943
2022-10-28 06:39:00+00:00,1512.8,1513.2,1512.2,1512.8,215750.9676
2022-10-28 06:40:00+00:00,1512.5,1513.2,1512.4,1513.2,241832.4853
2022-10-28 06:41:00+00:00,1513.2,1513.8,1513.2,1513.6,392413.7046
2022-10-28 06:42:00+00:00,1513.7,1513.8,1513.7,1513.8,1494.0873
2022-10-28 06:43:00+00:00,1514.1,1514.8,1514.1,1514.8,31662.702
2022-10-28 06:44:00+00:00,1515.0,1515.0,1514.6,1514.7,118889.8648
2022-10-28 06:45:00+00:00,1514.5,1515.1,1513.7,1515.1,56692.5271
2022-10-28 06:46:00+00:00,1515.3,1515.5,1515.0,1515.5,165343.6596
2022-10-28 06:47:00+00:00,1515.3,1515.3,1514.5,1514.9,26576.8738
2022-10-28 06:48:00+00:00,1514.0,1514.0,1513.7,1513.7,32115.9879
2022-10-28 06:49:00+00:00,1513.7,1514.5,1513.6,1513.8,20290.8573
2022-10-28 06:50:00+00:00,1513.7,1514.0,1513.0,1513.0,47799.2778
2022-10-28 06:51:00+00:00,1512.8,1512.9,1512.5,1512.9,85790.997
2022-10-28 06:52:00+00:00,1512.4,1512.4,1509.5,1511.7,825626.2061
2022-10-28 06:53:00+00:00,1511.9,1512.2,1511.5,1512.2,373202.2357
2022-10-28 06:54:00+00:00,1513.1,1513.1,1512.7,1512.7,182705.0648
2022-10-28 06:55:00+00:00,1512.8,1513.6,1512.8,1513.5,1115916.7604
2022-10-28 06:56:00+00:00,1513.9,1513.9,1512.8,1512.8,37150.9453
2022-10-28 06:57:00+00:00,1512.5,1512.5,1511.1,1511.1,19219.4702
2022-10-28 06:58:00+00:00,1511.3,1511.6,1511.3,1511.6,12113.0618
2022-10-28 06:59:00+00:00,1510.8,1510.9,1509.9,1510.9,80956.0751
2022-10-28 07:00:00+00:00,1511.3,1512.4,1510.2,1510.4,414967.0294
2022-10-28 07:01:00+00:00,1510.2,1510.7,1510.0,1510.0,489471.1049
2022-10-28 07:02:00+00:00,1509.9,1509.9,1509.3,1509.8,39041.0174
2022-10-28 07:03:00+00:00,1510.0,1512.0,1510.0,1511.6,392543.4925
2022-10-28 07:04:00+00:00,1511.8,1512.2,1511.7,1511.7,52089.6849
2022-10-28 07:05:00+00:00,1511.7,1512.0,1511.7,1511.9,11484.9799
2022-10-28 07:06:00+00:00,1511.9,1512.0,1510.9,1511.1,333566.6956
2022-10-28 07:07:00+00:00,1511.2,1511.8,1511.0,1511.8,52656.3401
2022-10-28 07:08:00+00:00,1511.1,1511.6,1510.7,1511.6,30271.1043
2022-10-28 07:09:00+00:00,1511.6,1512.4,1511.6,1512.3,25655.9183
2022-10-28 07:10:00+00:00,1512.2,1512.8,1512.0,1512.2,224010.2697
2022-10-28 07:11:00+00:00,1512.5,1512.5,1511.4,1511.6,56243.3437
2022-10-28 07:12:00+00:00,1511.6,1512.1,1511.6,1512.1,9424.9355
2022-10-28 07:13:00+00:00,1511.7,1511.7,1510.6,1510.6,90156.7484
2022-10-28 07:14:00+00:00,1510.7,1511.3,1510.6,1510.7,100889.4096
2022-10-28 07:15:00+00:00,1510.5,1510.8,1510.5,1510.8,21430.0425
2022-10-28 07:16:00+00:00,1510.7,1511.0,1510.6,1511.0,51204.6959
2022-10-28 07:17:00+00:00,1511.1,1511.1,1510.7,1511.1,48834.0033
2022-10-28 07:18:00+00:00,1510.8,1511.5,1506.5,1507.6,1371299.0799
2022-10-28 07:19:00+00:00,1507.6,1508.0,1506.3,1507.2,291811.1683
2022-10-28 07:20:00+00:00,1507.1,1507.1,1504.3,1504.3,656613.0379
2022-10-28 07:21:00+00:00,1504.5,1505.2,1503.2,1505.2,140506.2416
2022-10-28 07:22:00+00:00,1503.4,1503.8,1502.3,1503.6,428390.5392
2022-10-28 07:23:00+00:00,1504.1,1505.1,1504.1,1504.5,24401.0774
2022-10-28 07:24:00+00:00,1504.4,1505.3,1504.1,1505.3,109466.2177
2022-10-28 07:25:00+00:00,1505.1,1505.1,1502.5,1503.6,36310.6708
2022-10-28 07:26:00+00:00,1503.7,1505.1,1503.5,1504.5,55090.0821
2022-10-28 07:27:00+00:00,1504.5,1504.8,1503.8,1503.9,983283.0994
2022-10-28 07:28:00+00:00,1503.6,1503.6,1500.5,1501.1,463626.9311
2022-10-28 07:29:00+00:00,1500.8,1500.8,1497.6,1499.7,728878.6429
2022-10-28 07:30:00+00:00,1499.8,1501.9,1498.6,1498.6,408617.9094
2022-10-28 07:31:00+00:00,1498.2,1498.6,1496.8,1498.1,1001915.9348
2022-10-28 07:32:00+00:00,1498.0,1498.3,1491.9,1495.1,1367189.2001
2022-10-28 07:33:00+00:00,1494.9,1499.6,1494.9,1499.6,616193.7803
2022-10-28 07:34:00+00:00,1499.6,1503.4,1499.5,1502.3,312058.7625
2022-10-28 07:35:00+00:00,1502.2,1503.6,1502.1,1503.2,83520.1844
2022-10-28 07:36:00+00:00,1503.6,1503.6,1501.0,1502.6,172917.8227
2022-10-28 07:37:00+00:00,1502.5,1502.5,1501.2,1501.8,123794.2019
2022-10-28 07:38:00+00:00,1502.2,1502.2,1499.7,1500.0,44618.5458
2022-10-28 07:39:00+00:00,1499.7,1501.2,1499.0,1499.1,247659.94
2022-10-28 07:40:00+00:00,1499.9,1500.4,1499.1,1499.1,126350.0468
2022-10-28 07:41:00+00:00,1499.4,1500.0,1498.6,1498.9,144289.1265
2022-10-28 07:42:00+00:00,1498.9,1499.2,1498.5,1499.2,72474.5482
2022-10-28 07:43:00+00:00,1499.7,1499.7,1497.8,1497.8,395991.0559
2022-10-28 07:44:00+00:00,1498.0,1499.4,1497.6,1498.7,199317.9873
2022-10-28 07:45:00+00:00,1498.8,1499.0,1497.2,1497.2,806902.6104
2022-10-28 07:46:00+00:00,1496.9,1498.2,1495.2,1497.3,368753.256
2022-10-28 07:47:00+00:00,1497.3,1497.3,1496.1,1496.9,41172.5768
2022-10-28 07:48:00+00:00,1496.4,1496.4,1496.0,1496.4,33590.3856
2022-10-28 07:49:00+00:00,1496.6,1497.2,1492.0,1492.8,1002319.5473
2022-10-28 07:50:00+00:00,1492.8,1495.0,1491.7,1492.9,1093912.4297
2022-10-28 07:51:00+00:00,1493.0,1494.1,1492.4,1493.4,197304.6344
2022-10-28 07:52:00+00:00,1493.5,1496.6,1493.5,1495.2,3074904.7696
2022-10-28 07:53:00+00:00,1495.5,1495.5,1490.8,1491.6,462185.7481
2022-10-28 07:54:00+00:00,1491.7,1492.6,1488.7,1490.1,1273836.2174
2022-10-28 07:55:00+00:00,1490.0,1491.4,1488.3,1490.2,723274.8939
2022-10-28 07:56:00+00:00,1491.1,1493.0,1491.0,1492.3,954771.9414
2022-10-28 07:57:00+00:00,1491.8,1491.9,1490.1,1490.1,59473.7628
2022-10-28 07:58:00+00:00,1491.5,1493.0,1491.5,1493.0,124367.1586
2022-10-28 07:59:00+00:00,1492.9,1494.2,1492.6,1493.5,173306.6222
2022-10-28 08:00:00+00:00,1493.7,1496.5,1493.0,1495.8,880521.4096
2022-10-28 08:01:00+00:00,1495.5,1497.7,1495.4,1495.8,373772.6929
2022-10-28 08:02:00+00:00,1496.1,1497.4,1496.1,1496.3,179335.0739
2022-10-28 08:03:00+00:00,1495.7,1495.7,1493.1,1493.6,70822.8736
2022-10-28 08:04:00+00:00,1493.0,1493.2,1491.2,1492.2,132863.968
2022-10-28 08:05:00+00:00,1492.3,1493.1,1491.0,1492.3,242088.3244
2022-10-28 08:06:00+00:00,1492.5,1496.3,1492.4,1496.3,101218.4639
2022-10-28 08:07:00+00:00,1496.2,1499.8,1495.9,1497.8,434208.0529
2022-10-28 08:08:00+00:00,1497.7,1498.5,1497.7,1497.9,67470.7059
2022-10-28 08:09:00+00:00,1498.6,1498.8,1497.8,1498.4,159081.6928
2022-10-28 08:10:00+00:00,1497.7,1499.8,1497.7,1499.2,196508.9259
2022-10-28 08:11:00+00:00,1499.0,1499.0,1497.5,1497.9,48527.9226
2022-10-28 08:12:00+00:00,1497.9,1500.1,1497.9,1499.7,161976.473
2022-10-28 08:13:00+00:00,1500.1,1500.1,1498.5,1498.8,132405.6346
2022-10-28 08:14:00+00:00,1498.9,1499.7,1498.3,1499.7,144806.1956
2022-10-28 08:15:00+00:00,1499.0,1499.0,1498.1,1498.1,22553.1078
2022-10-28 08:16:00+00:00,1497.8,1498.5,1497.6,1498.2,49926.9518
2022-10-28 08:17:00+00:00,1498.6,1499.3,1498.5,1498.5,132534.4735
2022-10-28 08:18:00+00:00,1497.9,1498.1,1497.3,1497.7,136208.1713
2022-10-28 08:19:00+00:00,1497.9,1498.2,1496.8,1497.1,66446.2117
2022-10-28 08:20:00+00:00,1496.9,1497.5,1495.7,1495.8,110050.665
2022-10-28 08:21:00+00:00,1495.7,1495.7,1494.2,1495.7,153808.8733
2022-10-28 08:22:00+00:00,1495.9,1496.3,1493.7,1494.1,139933.2785
2022-10-28 08:23:00+00:00,1494.0,1494.0,1484.1,1491.3,1898259.0724
2022-10-28 08:24:00+00:00,1491.1,1497.2,1491.1,1496.1,484767.9584
2022-10-28 08:25:00+00:00,1496.1,1498.6,1495.8,1496.3,185543.3273
2022-10-28 08:26:00+00:00,1496.1,1496.9,1495.6,1496.5,166910.6
2022-10-28 08:27:00+00:00,1495.9,1495.9,1494.3,1495.2,95780.3266
2022-10-28 08:28:00+00:00,1495.4,1496.8,1495.4,1496.8,97730.0994
2022-10-28 08:29:00+00:00,1496.8,1496.8,1495.4,1496.7,43401.775
2022-10-28 08:30:00+00:00,1496.6,1497.3,1495.6,1496.9,128807.8101
2022-10-28 08:31:00+00:00,1497.4,1499.6,1497.3,1499.3,495682.0691
2022-10-28 08:32:00+00:00,1499.2,1500.1,1498.4,1499.7,150068.1294
2022-10-28 08:33:00+00:00,1499.6,1500.3,1498.6,1498.8,321941.8463
2022-10-28 08:34:00+00:00,1499.3,1500.3,1499.1,1499.3,58601.8802
2022-10-28 08:35:00+00:00,1499.6,1499.9,1497.4,1498.6,127476.45
2022-10-28 08:36:00+00:00,1498.5,1498.8,1497.7,1498.2,30723.6119
2022-10-28 08:37:00+00:00,1497.9,1498.6,1497.5,1498.3,165945.9869
2022-10-28 08:38:00+00:00,1497.9,1501.0,1497.9,1500.0,236158.9197
2022-10-28 08:39:00+00:00,1499.9,1501.4,1497.4,1498.7,374118.6258
2022-10-28 08:40:00+00:00,1498.2,1500.1,1497.4,1499.9,157224.4233
2022-10-28 08:41:00+00:00,1499.8,1500.5,1499.0,1499.6,114275.3489
2022-10-28 08:42:00+00:00,1499.8,1502.5,1499.8,1502.5,373289.2388
2022-10-28 08:43:00+00:00,1502.1,1502.4,1500.7,1502.1,42369.106
2022-10-28 08:44:00+00:00,1502.0,1502.2,1501.5,1501.6,32935.6306
2022-10-28 08:45:00+00:00,1501.4,1502.6,1500.4,1502.3,94344.6838
2022-10-28 08:46:00+00:00,1502.0,1503.3,1501.9,1503.3,150616.0591
2022-10-28 08:47:00+00:00,1503.1,1503.2,1502.3,1502.8,54421.6277
2022-10-28 08:48:00+00:00,1502.7,1504.3,1502.5,1504.3,43566.0615
2022-10-28 08:49:00+00:00,1503.9,1504.1,1503.6,1503.9,31150.3349
2022-10-28 08:50:00+00:00,1503.8,1504.0,1500.9,1500.9,187005.457
2022-10-28 08:51:00+00:00,1501.0,1501.4,1500.3,1501.4,93430.9851
2022-10-28 08:52:00+00:00,1501.2,1501.5,1500.2,1501.5,103994.3906
2022-10-28 08:53:00+00:00,1501.6,1502.8,1501.3,1502.8,29289.5475
2022-10-28 08:54:00+00:00,1502.7,1504.1,1502.5,1504.0,39516.6386
2022-10-28 08:55:00+00:00,1504.0,1504.2,1503.4,1503.5,98583.3861
2022-10-28 08:56:00+00:00,1503.8,1505.0,1503.1,1504.9,102921.4649
2022-10-28 08:57:00+00:00,1504.5,1505.1,1504.2,1504.2,89119.1688
2022-10-28 08:58:00+00:00,1504.3,1504.3,1503.2,1503.2,84644.0594
2022-10-28 08:59:00+00:00,1502.8,1502.8,1502.5,1502.5,7637.5656
2022-10-28 09:00:00+00:00,1502.8,1503.6,1502.3,1503.0,74971.2381
2022-10-28 09:01:00+00:00,1503.1,1504.0,1503.1,1504.0,57921.9907
2022-10-28 09:02:00+00:00,1504.0,1504.2,1503.5,1503.5,32701.3757
2022-10-28 09:03:00+00:00,1503.7,1503.9,1502.5,1502.6,98117.2868
2022-10-28 09:04:00+00:00,1502.7,1503.4,1502.7,1503.4,38944.4447
2022-10-28 09:05:00+00:00,1503.0,1503.4,1502.3,1502.7,379460.0668
2022-10-28 09:06:00+00:00,1502.7,1503.0,1502.2,1502.4,9507.2516
2022-10-28 09:07:00+00:00,1502.4,1502.4,1501.4,1501.4,302501.1545
2022-10-28 09:08:00+00:00,1501.6,1501.7,1501.6,1501.7,13505.4004
2022-10-28 09:09:00+00:00,1501.7,1502.3,1500.8,1500.8,138985.6575
2022-10-28 09:10:00+00:00,1500.7,1500.7,1499.0,1499.8,567931.1345
2022-10-28 09:11:00+00:00,1499.8,1500.4,1499.6,1499.6,254541.7359
2022-10-28 09:12:00+00:00,1500.0,1500.2,1499.5,1499.7,91896.2335
2022-10-28 09:13:00+00:00,1499.2,1499.4,1498.7,1499.4,192017.6798
2022-10-28 09:14:00+00:00,1499.7,1499.7,1499.3,1499.3,14163.2013
2022-10-28 09:15:00+00:00,1499.4,1499.7,1498.9,1499.5,98621.1578
2022-10-28 09:16:00+00:00,1499.2,1499.2,1498.0,1498.3,78114.1301
2022-10-28 09:17:00+00:00,1498.0,1500.5,1498.0,1500.4,163441.137
2022-10-28 09:18:00+00:00,1500.5,1502.1,1500.5,1502.1,32332.4627
2022-10-28 09:19:00+00:00,1501.9,1503.4,1501.7,1503.3,40468.5087
2022-10-28 09:20:00+00:00,1503.3,1503.7,1503.1,1503.7,16671.1775
2022-10-28 09:21:00+00:00,1503.4,1503.6,1503.3,1503.4,15293.7058
2022-10-28 09:22:00+00:00,1503.7,1505.2,1503.7,1504.6,90213.7268
2022-10-28 09:23:00+00:00,1505.1,1506.2,1505.1,1505.9,136856.3033
2022-10-28 09:24:00+00:00,1506.1,1506.3,1505.5,1506.3,213378.3541
2022-10-28 09:25:00+00:00,1506.4,1509.2,1506.4,1508.7,1106063.16
2022-10-28 09:26:00+00:00,1508.6,1508.6,1507.5,1507.5,54852.7192
2022-10-28 09:27:00+00:00,1507.3,1507.9,1506.5,1507.3,231813.4424
2022-10-28 09:28:00+00:00,1508.0,1508.2,1507.4,1507.4,75960.551
2022-10-28 09:29:00+00:00,1507.9,1508.4,1507.9,1508.4,43153.6208
2022-10-28 09:30:00+00:00,1508.3,1509.2,1508.3,1509.2,1112021.6462
2022-10-28 09:31:00+00:00,1509.1,1509.6,1508.6,1509.1,200589.2571
2022-10-28 09:32:00+00:00,1509.1,1509.1,1507.3,1507.9,707923.8195
2022-10-28 09:33:00+00:00,1507.9,1508.6,1507.8,1507.8,101848.5838
2022-10-28 09:34:00+00:00,1507.9,1508.5,1507.9,1508.0,75298.758
2022-10-28 09:35:00+00:00,1507.8,1507.8,1506.8,1507.6,412286.5709
2022-10-28 09:36:00+00:00,1507.9,1507.9,1507.0,1507.0,1947.4838
2022-10-28 09:37:00+00:00,1506.9,1506.9,1506.0,1506.5,221658.7253
2022-10-28 09:38:00+00:00,1506.6,1507.5,1506.6,1506.9,87363.5873
2022-10-28 09:39:00+00:00,1507.1,1507.1,1506.5,1506.7,30222.2701
2022-10-28 09:40:00+00:00,1506.7,1508.6,1506.7,1508.4,91442.9774
2022-10-28 09:41:00+00:00,1508.2,1508.2,1506.9,1506.9,36284.2938
2022-10-28 09:42:00+00:00,1506.5,1506.5,1505.9,1505.9,14629.5257
2022-10-28 09:43:00+00:00,1506.1,1507.3,1506.0,1507.3,67390.8338
2022-10-28 09:44:00+00:00,1507.3,1507.3,1507.2,1507.2,244.1796
2022-10-28 09:45:00+00:00,1507.4,1508.4,1507.3,1507.4,113993.2355
2022-10-28 09:46:00+00:00,1506.7,1506.7,1506.6,1506.7,16728.5894
2022-10-28 09:47:00+00:00,1506.5,1506.7,1506.4,1506.7,173569.4618
2022-10-28 09:48:00+00:00,1507.3,1507.5,1507.3,1507.3,87131.0403
2022-10-28 09:49:00+00:00,1507.3,1507.3,1507.1,1507.1,4632.8446
2022-10-28 09:50:00+00:00,1506.7,1506.7,1506.1,1506.2,162346.4245
2022-10-28 09:51:00+00:00,1506.3,1506.8,1506.3,1506.7,59985.1934
2022-10-28 09:52:00+00:00,1506.5,1506.5,1505.7,1505.7,15683.169
2022-10-28 09:53:00+00:00,1505.9,1506.1,1505.2,1506.1,147429.5355
2022-10-28 09:54:00+00:00,1506.5,1507.2,1506.4,1507.1,18239.6975
2022-10-28 09:55:00+00:00,1507.0,1507.1,1506.9,1506.9,42147.9989
2022-10-28 09:56:00+00:00,1506.9,1507.1,1506.9,1507.1,22124.7856
2022-10-28 09:57:00+00:00,1507.1,1507.1,1506.6,1506.9,135059.3306
2022-10-28 09:58:00+00:00,1506.4,1506.4,1505.4,1505.6,283288.7112
2022-10-28 09:59:00+00:00,1506.1,1507.0,1506.1,1506.9,69792.5987
2022-10-28 10:00:00+00:00,1506.8,1506.8,1506.6,1506.7,13702.0182
2022-10-28 10:01:00+00:00,1506.5,1506.7,1506.4,1506.7,7709.5495
2022-10-28 10:02:00+00:00,1506.7,1506.9,1506.7,1506.7,45852.1214
2022-10-28 10:03:00+00:00,1506.2,1506.2,1505.8,1505.8,3892.5314
2022-10-28 10:04:00+00:00,1505.6,1505.8,1505.3,1505.8,42227.4386
2022-10-28 10:05:00+00:00,1505.6,1505.6,1505.0,1505.0,29826.68
2022-10-28 10:06:00+00:00,1504.9,1505.0,1504.0,1504.2,529848.233
2022-10-28 10:07:00+00:00,1504.1,1504.1,1502.7,1503.7,1216383.9234
2022-10-28 10:08:00+00:00,1503.8,1504.5,1503.7,1504.1,631870.1781
2022-10-28 10:09:00+00:00,1505.0,1505.4,1505.0,1505.3,73788.9565
2022-10-28 10:10:00+00:00,1505.4,1505.4,1504.4,1504.4,7946.4342
2022-10-28 10:11:00+00:00,1504.1,1504.1,1503.9,1504.0,3905.7057
2022-10-28 10:12:00+00:00,1504.1,1506.3,1504.1,1506.3,142977.0052
2022-10-28 10:13:00+00:00,1506.6,1506.6,1505.8,1505.8,33547.7857
2022-10-28 10:14:00+00:00,1506.1,1506.1,1505.7,1505.8,12760.1076
2022-10-28 10:15:00+00:00,1505.8,1505.8,1505.5,1505.6,22571.6738
2022-10-28 10:16:00+00:00,1505.6,1505.6,1504.0,1504.0,88608.1456
2022-10-28 10:17:00+00:00,1504.6,1504.6,1504.2,1504.2,4735.6808
2022-10-28 10:18:00+00:00,1503.6,1503.7,1503.4,1503.7,11023.7459
2022-10-28 10:19:00+00:00,1504.3,1505.3,1504.3,1505.3,13825.061
2022-10-28 10:20:00+00:00,1505.5,1505.7,1505.5,1505.7,6255.7765
2022-10-28 10:21:00+00:00,1505.8,1507.1,1505.3,1507.1,76440.0812
2022-10-28 10:22:00+00:00,1507.2,1508.6,1507.0,1508.6,327833.6165
2022-10-28 10:23:00+00:00,1508.5,1509.4,1507.1,1509.4,128627.8161
2022-10-28 10:24:00+00:00,1508.8,1510.1,1508.8,1509.0,1154123.5594
2022-10-28 10:25:00+00:00,1508.7,1511.0,1508.0,1509.4,853031.046
2022-10-28 10:26:00+00:00,1509.3,1509.3,1508.4,1508.6,62071.3686
2022-10-28 10:27:00+00:00,1508.7,1508.8,1508.6,1508.8,49142.3157
2022-10-28 10:28:00+00:00,1508.2,1508.4,1508.2,1508.4,26894.1776
2022-10-28 10:29:00+00:00,1508.6,1508.7,1507.5,1507.5,272700.6603
2022-10-28 10:30:00+00:00,1506.9,1507.3,1506.6,1506.9,44838.4985
2022-10-28 10:31:00+00:00,1506.9,1507.2,1506.7,1506.8,128746.8334
2022-10-28 10:32:00+00:00,1507.1,1507.2,1506.8,1507.1,95831.1655
2022-10-28 10:33:00+00:00,1507.8,1507.9,1507.8,1507.9,7460.8357
2022-10-28 10:34:00+00:00,1508.3,1509.3,1508.3,1509.1,314650.154
2022-10-28 10:35:00+00:00,1508.4,1509.1,1507.8,1507.8,293360.1586
2022-10-28 10:36:00+00:00,1508.0,1508.0,1507.2,1507.2,106334.1197
2022-10-28 10:37:00+00:00,1507.3,1507.3,1505.5,1505.5,49321.9526
2022-10-28 10:38:00+00:00,1505.3,1506.2,1504.6,1506.2,160008.9318
2022-10-28 10:39:00+00:00,1506.2,1506.2,1503.2,1503.5,264881.8838
2022-10-28 10:40:00+00:00,1503.4,1503.7,1502.6,1502.6,137662.8398
2022-10-28 10:41:00+00:00,1502.6,1503.5,1502.4,1503.3,198738.3318
2022-10-28 10:42:00+00:00,1503.0,1503.0,1501.2,1502.5,267464.6456
2022-10-28 10:43:00+00:00,1502.7,1502.7,1500.6,1500.6,1630109.3096
2022-10-28 10:44:00+00:00,1500.7,1502.0,1499.9,1499.9,122155.2967
2022-10-28 10:45:00+00:00,1499.6,1501.9,1499.3,1501.0,191282.1134
2022-10-28 10:46:00+00:00,1501.1,1501.1,1497.9,1498.2,168006.0497
2022-10-28 10:47:00+00:00,1498.2,1498.8,1496.3,1497.7,303473.0136
2022-10-28 10:48:00+00:00,1497.7,1497.7,1494.3,1495.4,279901.9297
2022-10-28 10:49:00+00:00,1495.0,1497.5,1494.9,1494.9,240208.0724
2022-10-28 10:50:00+00:00,1494.8,1495.1,1493.2,1493.5,303451.9396
2022-10-28 10:51:00+00:00,1493.4,1496.4,1492.7,1496.0,1859131.4258
2022-10-28 10:52:00+00:00,1496.2,1497.6,1496.2,1497.0,495610.4677
2022-10-28 10:53:00+00:00,1497.4,1497.9,1496.9,1497.7,215088.5197
2022-10-28 10:54:00+00:00,1498.1,1498.2,1498.1,1498.2,19974.1718
2022-10-28 10:55:00+00:00,1497.9,1499.1,1497.9,1499.1,69747.7076
2022-10-28 10:56:00+00:00,1499.6,1502.1,1499.6,1501.4,406147.2431
2022-10-28 10:57:00+00:00,1501.1,1503.3,1501.1,1502.4,182867.9539
2022-10-28 10:58:00+00:00,1502.7,1502.7,1500.8,1500.8,148466.815
2022-10-28 10:59:00+00:00,1500.7,1501.3,1500.7,1501.0,87922.6796
2022-10-28 11:00:00+00:00,1501.0,1501.6,1500.4,1501.6,334240.444
2022-10-28 11:01:00+00:00,1501.5,1501.5,1499.1,1499.2,73108.8709
2022-10-28 11:02:00+00:00,1499.0,1500.0,1499.0,1499.3,60886.689
2022-10-28 11:03:00+00:00,1499.3,1500.0,1498.5,1498.9,34994.2776
2022-10-28 11:04:00+00:00,1498.7,1499.0,1497.5,1497.9,36437.1405
2022-10-28 11:05:00+00:00,1498.8,1498.9,1498.2,1498.2,120878.1087
2022-10-28 11:06:00+00:00,1498.4,1498.4,1494.3,1494.7,425202.6383
2022-10-28 11:07:00+00:00,1494.8,1495.2,1493.6,1494.8,172365.8983
2022-10-28 11:08:00+00:00,1495.0,1496.6,1495.0,1495.9,69519.069
2022-10-28 11:09:00+00:00,1495.6,1497.5,1495.6,1497.5,14973.5
2022-10-28 11:10:00+00:00,1497.6,1497.7,1496.7,1497.0,100626.8893
2022-10-28 11:11:00+00:00,1497.7,1497.7,1496.1,1496.1,66289.5322
2022-10-28 11:12:00+00:00,1495.9,1496.1,1495.8,1495.8,9281.7988
2022-10-28 11:13:00+00:00,1495.3,1497.2,1495.3,1497.2,29052.5896
2022-10-28 11:14:00+00:00,1497.3,1498.4,1497.3,1498.1,128981.6358
2022-10-28 11:15:00+00:00,1497.7,1499.0,1497.7,1498.9,84631.1239
2022-10-28 11:16:00+00:00,1498.6,1498.6,1497.8,1498.4,11511.6872
2022-10-28 11:17:00+00:00,1498.3,1499.1,1498.2,1498.9,138442.8372
2022-10-28 11:18:00+00:00,1498.8,1499.8,1498.8,1499.6,37450.5608
2022-10-28 11:19:00+00:00,1499.2,1500.1,1498.6,1499.0,177538.5005
2022-10-28 11:20:00+00:00,1499.0,1499.5,1498.2,1498.2,71310.7216
2022-10-28 11:21:00+00:00,1498.2,1498.2,1496.0,1496.0,50913.3907
2022-10-28 11:22:00+00:00,1496.0,1496.5,1494.9,1496.5,75375.4018
2022-10-28 11:23:00+00:00,1497.1,1497.6,1497.1,1497.6,40719.5404
2022-10-28 11:24:00+00:00,1497.7,1500.0,1497.7,1499.9,167015.5645
2022-10-28 11:25:00+00:00,1499.5,1500.4,1499.5,1500.0,20310.4061
2022-10-28 11:26:00+00:00,1500.1,1501.2,1500.1,1501.0,338235.1019
2022-10-28 11:27:00+00:00,1501.4,1501.6,1500.8,1500.8,56713.382
2022-10-28 11:28:00+00:00,1501.3,1502.8,1500.4,1501.2,658205.1784
2022-10-28 11:29:00+00:00,1502.0,1503.0,1501.6,1501.9,50102.8561
2022-10-28 11:30:00+00:00,1501.7,1501.8,1501.0,1501.0,301464.3933
2022-10-28 11:31:00+00:00,1500.9,1501.8,1500.8,1501.8,28711.3503
2022-10-28 11:32:00+00:00,1502.1,1502.2,1501.4,1501.6,30139.2807
2022-10-28 11:33:00+00:00,1501.6,1502.7,1501.6,1502.7,22594.4445
2022-10-28 11:34:00+00:00,1502.1,1502.7,1501.8,1502.7,19677.8725
2022-10-28 11:35:00+00:00,1502.6,1502.6,1502.1,1502.3,33183.7027
2022-10-28 11:36:00+00:00,1502.1,1503.8,1502.1,1503.6,94547.1826
2022-10-28 11:37:00+00:00,1504.1,1504.6,1503.1,1503.6,434121.8094
2022-10-28 11:38:00+00:00,1503.3,1503.3,1501.7,1501.7,405095.1226
2022-10-28 11:39:00+00:00,1501.9,1502.2,1500.9,1500.9,399060.4359
2022-10-28 11:40:00+00:00,1500.4,1500.4,1498.8,1499.2,1008584.3731
2022-10-28 11:41:00+00:00,1499.5,1502.1,1499.5,1502.1,965818.0008
2022-10-28 11:42:00+00:00,1501.2,1501.2,1500.9,1500.9,51842.6424
2022-10-28 11:43:00+00:00,1500.7,1500.7,1500.3,1500.3,13957.9096
2022-10-28 11:44:00+00:00,1500.7,1501.2,1500.3,1500.6,61640.6786
2022-10-28 11:45:00+00:00,1500.9,1501.7,1500.6,1501.2,142833.1199
2022-10-28 11:46:00+00:00,1501.9,1501.9,1500.7,1500.8,285001.9406
2022-10-28 11:47:00+00:00,1501.5,1501.5,1500.6,1500.6,21687.0795
2022-10-28 11:48:00+00:00,1500.8,1502.6,1500.8,1502.3,87591.6369
2022-10-28 11:49:00+00:00,1502.1,1502.2,1501.0,1502.2,168144.1304
2022-10-28 11:50:00+00:00,1502.1,1502.1,1500.4,1500.4,266015.146
2022-10-28 11:51:00+00:00,1500.5,1500.5,1497.7,1499.1,658014.999
2022-10-28 11:52:00+00:00,1499.1,1499.8,1499.1,1499.7,328738.0727
2022-10-28 11:53:00+00:00,1499.7,1499.7,1499.4,1499.4,286.4127
2022-10-28 11:54:00+00:00,1499.7,1499.7,1499.7,1499.7,374.925
2022-10-28 11:55:00+00:00,1500.0,1500.1,1499.1,1499.1,47221.8678
2022-10-28 11:56:00+00:00,1499.1,1499.7,1498.8,1499.7,20783.3073
2022-10-28 11:57:00+00:00,1499.8,1499.9,1499.1,1499.1,104108.5813
2022-10-28 11:58:00+00:00,1499.3,1499.3,1499.3,1499.3,1643.2328
2022-10-28 11:59:00+00:00,1499.1,1499.1,1498.1,1498.1,59367.6561
2022-10-28 12:00:00+00:00,1497.9,1498.1,1497.1,1497.1,33954.5748
2022-10-28 12:01:00+00:00,1497.3,1498.1,1496.6,1498.1,139349.7465
2022-10-28 12:02:00+00:00,1498.0,1498.0,1496.9,1497.0,30415.8417
2022-10-28 12:03:00+00:00,1497.0,1499.1,1496.9,1498.9,269604.332
2022-10-28 12:04:00+00:00,1498.7,1499.0,1498.7,1499.0,10786.5039
2022-10-28 12:05:00+00:00,1498.8,1499.5,1496.3,1496.3,97283.3976
2022-10-28 12:06:00+00:00,1496.5,1496.5,1494.4,1494.4,193492.0101
2022-10-28 12:07:00+00:00,1494.1,1495.1,1493.6,1494.6,66666.0608
2022-10-28 12:08:00+00:00,1495.1,1496.2,1495.1,1495.4,30710.4465
2022-10-28 12:09:00+00:00,1495.7,1496.2,1495.7,1495.9,28374.6594
2022-10-28 12:10:00+00:00,1495.9,1497.4,1495.9,1496.1,112596.029
2022-10-28 12:11:00+00:00,1495.9,1496.0,1494.8,1495.1,253680.3193
2022-10-28 12:12:00+00:00,1494.4,1494.7,1494.3,1494.4,13974.1918
2022-10-28 12:13:00+00:00,1494.6,1497.3,1494.6,1497.2,53058.2117
2022-10-28 12:14:00+00:00,1497.2,1497.7,1495.9,1495.9,132833.8178
2022-10-28 12:15:00+00:00,1495.5,1496.6,1495.2,1496.6,172776.596
2022-10-28 12:16:00+00:00,1496.5,1496.7,1495.7,1495.8,111071.6361
2022-10-28 12:17:00+00:00,1495.9,1496.6,1495.9,1496.6,60633.0149
2022-10-28 12:18:00+00:00,1496.8,1499.4,1496.8,1498.6,407906.247
2022-10-28 12:19:00+00:00,1498.7,1500.7,1498.7,1500.0,296318.3601
2022-10-28 12:20:00+00:00,1500.0,1501.2,1499.7,1501.1,233803.6457
2022-10-28 12:21:00+00:00,1500.7,1501.0,1500.0,1500.0,26154.0776
2022-10-28 12:22:00+00:00,1500.0,1500.7,1499.7,1500.3,87099.6497
2022-10-28 12:23:00+00:00,1499.8,1499.8,1498.4,1498.4,94924.6098
2022-10-28 12:24:00+00:00,1497.7,1497.8,1494.9,1495.0,156710.6124
2022-10-28 12:25:00+00:00,1495.3,1495.8,1494.7,1494.7,150998.166
2022-10-28 12:26:00+00:00,1495.2,1495.2,1491.2,1493.7,242845.5611
2022-10-28 12:27:00+00:00,1493.9,1494.5,1493.9,1494.4,156450.5793
2022-10-28 12:28:00+00:00,1494.3,1494.3,1493.2,1493.6,50949.6331
2022-10-28 12:29:00+00:00,1494.0,1495.6,1493.8,1494.1,605816.232
2022-10-28 12:30:00+00:00,1493.5,1508.4,1478.2,1505.1,13700325.9617
2022-10-28 12:31:00+00:00,1505.0,1517.3,1501.7,1511.1,7171780.1675
2022-10-28 12:32:00+00:00,1511.3,1511.3,1505.4,1505.4,4117985.7238
2022-10-28 12:33:00+00:00,1505.2,1509.3,1503.1,1507.9,1848628.0715
2022-10-28 12:34:00+00:00,1508.6,1511.2,1506.8,1507.2,1688180.622
2022-10-28 12:35:00+00:00,1507.2,1509.5,1505.6,1505.6,781497.6155
2022-10-28 12:36:00+00:00,1505.1,1506.4,1500.8,1500.9,2510297.5487
2022-10-28 12:37:00+00:00,1501.4,1508.0,1501.0,1506.5,2835179.6047
2022-10-28 12:38:00+00:00,1506.5,1508.0,1506.1,1507.7,1263798.4634
2022-10-28 12:39:00+00:00,1507.5,1511.6,1506.4,1508.7,2330489.0888
2022-10-28 12:40:00+00:00,1508.3,1508.5,1505.0,1507.0,676291.7563
2022-10-28 12:41:00+00:00,1507.1,1510.9,1507.1,1510.9,1749584.2299
2022-10-28 12:42:00+00:00,1510.7,1513.1,1510.0,1511.2,1082497.331
2022-10-28 12:43:00+00:00,1511.2,1512.4,1509.8,1510.5,599903.7304
2022-10-28 12:44:00+00:00,1510.2,1512.5,1509.6,1512.5,1498704.7331
2022-10-28 12:45:00+00:00,1512.4,1513.3,1511.1,1511.6,2176069.6923
2022-10-28 12:46:00+00:00,1511.6,1512.5,1508.1,1509.7,779872.0193
2022-10-28 12:47:00+00:00,1510.0,1510.0,1507.0,1507.0,1178261.989
2022-10-28 12:48:00+00:00,1507.1,1509.2,1506.7,1506.7,410373.549
2022-10-28 12:49:00+00:00,1506.8,1507.1,1505.3,1506.4,567590.2613
2022-10-28 12:50:00+00:00,1506.7,1508.8,1505.6,1508.6,1587797.0847
2022-10-28 12:51:00+00:00,1508.6,1509.0,1507.7,1508.4,1328826.6078
2022-10-28 12:52:00+00:00,1508.3,1509.2,1507.8,1509.2,598528.945
2022-10-28 12:53:00+00:00,1508.5,1508.9,1507.4,1507.8,161534.6212
2022-10-28 12:54:00+00:00,1507.7,1510.3,1507.7,1509.4,714668.6081
2022-10-28 12:55:00+00:00,1509.4,1510.0,1508.2,1509.2,324849.3209
2022-10-28 12:56:00+00:00,1509.3,1510.5,1509.2,1510.4,233430.3837
2022-10-28 12:57:00+00:00,1510.1,1510.1,1508.6,1509.3,546938.3011
2022-10-28 12:58:00+00:00,1509.4,1511.6,1509.4,1511.3,432520.225
2022-10-28 12:59:00+00:00,1511.1,1511.8,1510.8,1511.7,159639.9808
2022-10-28 13:00:00+00:00,1511.7,1512.4,1510.2,1510.6,476997.2895
2022-10-28 13:01:00+00:00,1510.6,1511.0,1509.3,1510.3,1129344.208
2022-10-28 13:02:00+00:00,1510.5,1512.6,1510.4,1512.6,230653.4271
2022-10-28 13:03:00+00:00,1513.0,1514.9,1512.8,1513.8,451999.5764
2022-10-28 13:04:00+00:00,1513.8,1515.8,1512.2,1515.6,782769.6349
2022-10-28 13:05:00+00:00,1515.3,1516.0,1514.5,1516.0,332641.7862
2022-10-28 13:06:00+00:00,1516.1,1519.6,1515.9,1519.0,1015770.201
2022-10-28 13:07:00+00:00,1519.5,1522.9,1519.3,1520.8,1429601.8861
2022-10-28 13:08:00+00:00,1520.7,1521.3,1518.9,1520.9,481282.7152
2022-10-28 13:09:00+00:00,1521.1,1522.0,1519.3,1521.0,3488285.5354
2022-10-28 13:10:00+00:00,1521.0,1521.0,1518.6,1519.2,3190124.2645
2022-10-28 13:11:00+00:00,1519.5,1521.0,1518.1,1520.7,3728781.4379
2022-10-28 13:12:00+00:00,1520.7,1521.7,1519.8,1521.1,915694.8478
2022-10-28 13:13:00+00:00,1521.2,1522.4,1521.1,1521.9,263297.0014
2022-10-28 13:14:00+00:00,1521.8,1521.8,1521.0,1521.0,1081640.0053
2022-10-28 13:15:00+00:00,1521.0,1521.8,1519.1,1521.2,864683.0471
2022-10-28 13:16:00+00:00,1521.3,1524.5,1521.0,1523.7,976534.2304
2022-10-28 13:17:00+00:00,1523.7,1525.7,1522.4,1525.2,4295940.9483
2022-10-28 13:18:00+00:00,1525.4,1533.1,1525.4,1532.2,2952286.4142
2022-10-28 13:19:00+00:00,1531.3,1533.2,1529.9,1532.8,1293228.0431
2022-10-28 13:20:00+00:00,1532.7,1534.3,1531.4,1532.2,1032736.659
2022-10-28 13:21:00+00:00,1532.1,1532.4,1529.6,1530.2,1030259.9433
2022-10-28 13:22:00+00:00,1530.6,1532.0,1530.1,1531.6,468888.6974
2022-10-28 13:23:00+00:00,1531.6,1531.8,1530.1,1531.1,2220275.2316
2022-10-28 13:24:00+00:00,1531.2,1532.7,1530.5,1531.0,2488839.3473
2022-10-28 13:25:00+00:00,1531.1,1534.1,1531.1,1532.0,1211883.8736
2022-10-28 13:26:00+00:00,1532.0,1536.4,1531.4,1535.2,3004995.0133
2022-10-28 13:27:00+00:00,1535.0,1538.0,1534.3,1535.8,1470398.5104
2022-10-28 13:28:00+00:00,1535.7,1535.7,1533.1,1533.1,358225.7984
2022-10-28 13:29:00+00:00,1533.3,1533.3,1531.0,1531.8,779779.7474
2022-10-28 13:30:00+00:00,1532.1,1534.1,1531.4,1532.8,694294.7591
2022-10-28 13:31:00+00:00,1532.6,1542.8,1532.3,1542.0,2133507.1701
2022-10-28 13:32:00+00:00,1541.8,1544.6,1539.7,1540.9,4738846.0832
2022-10-28 13:33:00+00:00,1541.0,1547.8,1540.9,1542.9,8701896.0755
2022-10-28 13:34:00+00:00,1542.7,1548.9,1540.4,1547.7,9049423.4195
2022-10-28 13:35:00+00:00,1547.3,1548.5,1542.7,1543.1,2268443.3535
2022-10-28 13:36:00+00:00,1542.8,1547.4,1542.8,1544.8,912554.6016
2022-10-28 13:37:00+00:00,1545.1,1545.1,1540.4,1540.4,366695.0207
2022-10-28 13:38:00+00:00,1540.7,1542.3,1539.5,1541.8,2395525.7913
2022-10-28 13:39:00+00:00,1541.5,1544.1,1539.5,1544.1,202926.1112
2022-10-28 13:40:00+00:00,1544.2,1546.1,1543.6,1545.2,4997111.6392
2022-10-28 13:41:00+00:00,1545.0,1546.8,1543.7,1545.5,1487580.1865
2022-10-28 13:42:00+00:00,1545.7,1550.0,1544.2,1546.9,2240302.5714
2022-10-28 13:43:00+00:00,1547.0,1549.4,1547.0,1548.2,641723.1641
2022-10-28 13:44:00+00:00,1548.1,1548.5,1544.7,1546.9,1092551.7388
2022-10-28 13:45:00+00:00,1546.9,1547.1,1542.8,1542.9,672513.7578
2022-10-28 13:46:00+00:00,1542.9,1543.7,1539.7,1541.7,587692.2465
2022-10-28 13:47:00+00:00,1541.5,1545.3,1541.3,1543.3,672179.139
2022-10-28 13:48:00+00:00,1542.8,1543.4,1540.3,1541.2,454016.4032
2022-10-28 13:49:00+00:00,1540.5,1541.8,1539.8,1541.4,573090.9821
2022-10-28 13:50:00+00:00,1540.3,1541.9,1539.4,1539.4,882891.8827
2022-10-28 13:51:00+00:00,1540.5,1543.0,1540.5,1542.4,434562.8555
2022-10-28 13:52:00+00:00,1542.4,1542.8,1539.6,1540.4,524276.3637
2022-10-28 13:53:00+00:00,1540.4,1542.0,1539.8,1541.4,169522.3757
2022-10-28 13:54:00+00:00,1541.3,1542.4,1540.5,1541.9,368002.3293
2022-10-28 13:55:00+00:00,1541.7,1544.9,1541.1,1544.2,849720.2315
2022-10-28 13:56:00+00:00,1543.6,1543.8,1541.3,1542.4,336482.3808
2022-10-28 13:57:00+00:00,1542.3,1542.5,1540.6,1540.7,194657.8604
2022-10-28 13:58:00+00:00,1540.7,1542.4,1540.5,1542.0,126250.31
2022-10-28 13:59:00+00:00,1541.5,1541.6,1539.5,1540.4,155417.9122
2022-10-28 14:00:00+00:00,1540.6,1544.6,1540.6,1544.0,1229996.0656
2022-10-28 14:01:00+00:00,1544.5,1545.1,1542.6,1543.4,1325058.2091
2022-10-28 14:02:00+00:00,1543.0,1543.5,1539.4,1539.7,787790.0026
2022-10-28 14:03:00+00:00,1539.5,1540.2,1534.2,1534.2,1055013.9587
2022-10-28 14:04:00+00:00,1534.1,1538.1,1534.0,1536.8,608251.8262
2022-10-28 14:05:00+00:00,1537.5,1540.4,1537.5,1538.3,472458.7746
2022-10-28 14:06:00+00:00,1538.3,1538.4,1534.2,1535.3,238370.0102
2022-10-28 14:07:00+00:00,1535.1,1535.7,1532.9,1534.1,598959.4257
2022-10-28 14:08:00+00:00,1533.5,1533.8,1528.0,1528.2,918742.1541
2022-10-28 14:09:00+00:00,1528.2,1530.8,1527.4,1528.2,4818440.1139
2022-10-28 14:10:00+00:00,1528.1,1529.8,1526.1,1526.1,831213.5305
2022-10-28 14:11:00+00:00,1525.8,1527.3,1524.2,1524.7,1164459.6174
2022-10-28 14:12:00+00:00,1524.4,1524.7,1521.4,1522.7,4624509.3061
2022-10-28 14:13:00+00:00,1522.4,1526.2,1520.2,1526.2,1086011.8806
2022-10-28 14:14:00+00:00,1526.0,1529.0,1525.9,1528.8,615894.7613
2022-10-28 14:15:00+00:00,1528.0,1531.3,1527.6,1530.8,1482468.517
2022-10-28 14:16:00+00:00,1530.6,1532.6,1530.0,1531.0,907163.0927
2022-10-28 14:17:00+00:00,1531.7,1534.0,1531.4,1531.4,1102867.4909
2022-10-28 14:18:00+00:00,1531.5,1531.5,1526.0,1526.5,750642.617
2022-10-28 14:19:00+00:00,1526.5,1529.0,1526.4,1528.3,937275.6678
2022-10-28 14:20:00+00:00,1528.4,1530.9,1527.4,1529.2,556194.8313
2022-10-28 14:21:00+00:00,1529.1,1529.5,1527.1,1527.1,150764.2631
2022-10-28 14:22:00+00:00,1526.8,1526.9,1526.0,1526.9,178617.29
2022-10-28 14:23:00+00:00,1527.0,1528.2,1526.2,1526.4,432189.9975
2022-10-28 14:24:00+00:00,1526.9,1527.9,1526.0,1527.9,1033150.4963
2022-10-28 14:25:00+00:00,1528.0,1533.1,1528.0,1533.1,659338.1703
2022-10-28 14:26:00+00:00,1533.2,1535.6,1533.0,1534.0,671523.8466
2022-10-28 14:27:00+00:00,1534.0,1536.6,1534.0,1535.4,1655130.2414
2022-10-28 14:28:00+00:00,1535.5,1536.6,1535.4,1536.6,273910.749
2022-10-28 14:29:00+00:00,1536.7,1537.0,1534.9,1534.9,1872710.5452
2022-10-28 14:30:00+00:00,1534.8,1539.3,1534.8,1538.2,1097836.9238
2022-10-28 14:31:00+00:00,1537.8,1540.0,1537.2,1539.8,3264149.4852
2022-10-28 14:32:00+00:00,1539.9,1540.0,1537.0,1537.2,2744754.871
2022-10-28 14:33:00+00:00,1537.1,1537.1,1535.3,1535.4,152591.1961
2022-10-28 14:34:00+00:00,1535.8,1536.4,1533.8,1534.3,1001442.8902
2022-10-28 14:35:00+00:00,1534.3,1534.3,1531.6,1532.2,930162.5811
2022-10-28 14:36:00+00:00,1532.7,1533.4,1532.3,1533.3,627476.6997
2022-10-28 14:37:00+00:00,1533.6,1535.4,1533.6,1534.9,50193.9464
2022-10-28 14:38:00+00:00,1534.2,1535.9,1534.2,1535.3,79764.8766
2022-10-28 14:39:00+00:00,1535.5,1535.5,1534.9,1535.2,33354.5047
2022-10-28 14:40:00+00:00,1535.4,1536.8,1535.0,1535.5,144639.7391
2022-10-28 14:41:00+00:00,1535.4,1535.4,1532.7,1533.7,506564.6435
2022-10-28 14:42:00+00:00,1533.8,1534.9,1533.8,1534.5,197923.2679
2022-10-28 14:43:00+00:00,1534.4,1535.9,1534.0,1535.4,492256.663
2022-10-28 14:44:00+00:00,1536.2,1537.6,1536.1,1536.5,127300.349
2022-10-28 14:45:00+00:00,1536.8,1537.6,1535.3,1535.3,141076.3065
2022-10-28 14:46:00+00:00,1535.0,1537.0,1534.9,1537.0,803042.9498
2022-10-28 14:47:00+00:00,1536.7,1540.6,1536.5,1539.2,1669008.1738
2022-10-28 14:48:00+00:00,1539.4,1539.4,1536.1,1536.1,256067.5999
2022-10-28 14:49:00+00:00,1536.1,1536.7,1535.3,1536.7,234165.1973
2022-10-28 14:50:00+00:00,1536.8,1537.9,1535.4,1535.4,148853.9281
2022-10-28 14:51:00+00:00,1535.8,1536.5,1533.1,1534.1,342973.6303
2022-10-28 14:52:00+00:00,1533.8,1534.6,1533.7,1534.5,31044.9736
2022-10-28 14:53:00+00:00,1534.2,1534.3,1532.4,1532.7,283817.3938
2022-10-28 14:54:00+00:00,1533.1,1535.4,1533.1,1534.5,87770.8544
2022-10-28 14:55:00+00:00,1534.8,1535.7,1534.8,1535.7,16372.4892
2022-10-28 14:56:00+00:00,1535.4,1535.4,1533.0,1533.0,127098.5575
2022-10-28 14:57:00+00:00,1532.9,1533.7,1532.7,1533.7,52309.9179
2022-10-28 14:58:00+00:00,1533.3,1533.9,1530.3,1532.0,235455.636
2022-10-28 14:59:00+00:00,1532.1,1533.1,1531.6,1532.0,134700.1765
2022-10-28 15:00:00+00:00,1532.9,1533.8,1532.1,1533.4,141039.7318
2022-10-28 15:01:00+00:00,1533.7,1533.9,1531.0,1531.7,317854.4172
2022-10-28 15:02:00+00:00,1530.3,1530.5,1528.0,1528.2,428697.6645
2022-10-28 15:03:00+00:00,1527.6,1530.7,1527.6,1529.3,373297.6864
2022-10-28 15:04:00+00:00,1529.8,1530.1,1528.4,1530.1,85356.0214
2022-10-28 15:05:00+00:00,1529.7,1530.7,1529.6,1530.3,206582.9987
2022-10-28 15:06:00+00:00,1530.2,1530.8,1529.1,1529.9,155398.3419
2022-10-28 15:07:00+00:00,1530.5,1531.9,1530.5,1531.8,170612.5045
2022-10-28 15:08:00+00:00,1531.9,1533.1,1531.6,1532.4,74956.7547
2022-10-28 15:09:00+00:00,1532.5,1534.2,1532.5,1533.1,341603.883
2022-10-28 15:10:00+00:00,1533.8,1535.4,1533.3,1535.2,190865.3927
2022-10-28 15:11:00+00:00,1535.2,1537.7,1535.2,1537.6,234184.8924
2022-10-28 15:12:00+00:00,1537.5,1537.9,1536.8,1536.8,85576.7657
2022-10-28 15:13:00+00:00,1536.4,1536.9,1534.5,1534.5,136876.5977
2022-10-28 15:14:00+00:00,1534.5,1534.7,1533.6,1534.6,86409.4679
2022-10-28 15:15:00+00:00,1534.9,1534.9,1533.5,1533.7,118064.642
2022-10-28 15:16:00+00:00,1534.1,1535.4,1533.0,1533.0,190962.6628
2022-10-28 15:17:00+00:00,1532.6,1533.2,1532.4,1533.1,59859.6117
2022-10-28 15:18:00+00:00,1533.5,1535.9,1533.5,1535.9,328931.9121
2022-10-28 15:19:00+00:00,1535.9,1536.5,1534.5,1534.5,39189.2358
2022-10-28 15:20:00+00:00,1534.7,1536.0,1534.7,1535.8,19069.0625
2022-10-28 15:21:00+00:00,1536.0,1536.5,1534.6,1534.6,108768.1287
2022-10-28 15:22:00+00:00,1534.4,1534.9,1533.9,1533.9,51932.1514
2022-10-28 15:23:00+00:00,1534.4,1534.4,1533.7,1533.7,10004.4664
2022-10-28 15:24:00+00:00,1534.2,1535.3,1534.2,1535.1,33237.4867
2022-10-28 15:25:00+00:00,1534.9,1535.0,1533.6,1533.7,37181.8487
2022-10-28 15:26:00+00:00,1533.6,1534.3,1532.9,1534.3,139624.2088
2022-10-28 15:27:00+00:00,1534.4,1534.6,1532.7,1532.7,116550.2423
2022-10-28 15:28:00+00:00,1532.6,1533.2,1531.4,1533.2,443886.2937
2022-10-28 15:29:00+00:00,1532.6,1532.7,1530.5,1531.8,184555.2593
2022-10-28 15:30:00+00:00,1531.9,1533.0,1531.8,1532.3,57927.6936
2022-10-28 15:31:00+00:00,1532.0,1532.0,1529.6,1530.8,63793.7401
2022-10-28 15:32:00+00:00,1530.8,1531.1,1529.2,1530.4,72792.5884
2022-10-28 15:33:00+00:00,1530.1,1530.1,1529.7,1529.7,1769.9741
2022-10-28 15:34:00+00:00,1528.7,1529.8,1527.8,1527.8,461290.4278
2022-10-28 15:35:00+00:00,1528.1,1529.8,1527.5,1529.4,182185.2941
2022-10-28 15:36:00+00:00,1529.3,1530.6,1529.3,1530.2,132908.6272
2022-10-28 15:37:00+00:00,1530.1,1531.2,1529.8,1531.2,149136.3165
2022-10-28 15:38:00+00:00,1531.1,1532.9,1530.8,1532.8,44144.4589
2022-10-28 15:39:00+00:00,1533.0,1534.3,1533.0,1533.1,683521.9199
2022-10-28 15:40:00+00:00,1532.8,1533.6,1531.8,1533.6,104441.2257
2022-10-28 15:41:00+00:00,1533.7,1536.5,1533.5,1536.5,115373.2794
2022-10-28 15:42:00+00:00,1536.0,1536.6,1535.0,1536.0,2122041.486
2022-10-28 15:43:00+00:00,1536.0,1536.2,1534.7,1535.1,145133.5057
2022-10-28 15:44:00+00:00,1535.7,1538.1,1535.7,1537.7,418373.2177
2022-10-28 15:45:00+00:00,1537.2,1538.0,1536.6,1537.9,228035.9799
2022-10-28 15:46:00+00:00,1537.5,1538.3,1537.5,1537.5,66779.7119
2022-10-28 15:47:00+00:00,1537.0,1537.0,1536.0,1536.6,213955.1696
2022-10-28 15:48:00+00:00,1536.1,1536.7,1535.2,1536.3,644534.8298
2022-10-28 15:49:00+00:00,1536.5,1537.8,1536.2,1537.3,133303.9486
2022-10-28 15:50:00+00:00,1537.2,1537.2,1536.1,1536.2,54541.1761
2022-10-28 15:51:00+00:00,1536.2,1536.6,1535.8,1536.2,106941.4141
2022-10-28 15:52:00+00:00,1536.3,1537.5,1536.3,1537.2,1192170.21
2022-10-28 15:53:00+00:00,1537.4,1537.4,1535.3,1535.3,1350855.7915
2022-10-28 15:54:00+00:00,1535.5,1537.3,1535.5,1536.8,1122407.2042
2022-10-28 15:55:00+00:00,1536.8,1538.8,1536.8,1538.7,378984.7718
2022-10-28 15:56:00+00:00,1538.8,1539.7,1538.8,1539.6,1347200.0442
2022-10-28 15:57:00+00:00,1539.6,1540.0,1536.6,1536.8,2190585.1483
2022-10-28 15:58:00+00:00,1536.3,1537.6,1535.8,1536.6,1124261.0524
2022-10-28 15:59:00+00:00,1536.5,1538.1,1535.9,1538.1,268192.5264
2022-10-28 16:00:00+00:00,1538.3,1538.3,1537.1,1537.6,194407.4831
2022-10-28 16:01:00+00:00,1537.8,1540.6,1537.8,1540.3,274805.972
2022-10-28 16:02:00+00:00,1540.2,1542.3,1538.9,1541.2,494212.1913
2022-10-28 16:03:00+00:00,1540.8,1543.0,1540.6,1542.2,1443744.496
2022-10-28 16:04:00+00:00,1542.5,1543.7,1542.1,1543.0,789159.0402
2022-10-28 16:05:00+00:00,1543.1,1544.2,1540.5,1540.7,1482729.6259
2022-10-28 16:06:00+00:00,1540.3,1540.3,1535.9,1535.9,699593.4676
2022-10-28 16:07:00+00:00,1536.3,1536.8,1533.9,1535.5,992664.7895
2022-10-28 16:08:00+00:00,1535.6,1538.4,1535.6,1536.9,312196.8915
2022-10-28 16:09:00+00:00,1537.1,1537.9,1534.6,1535.2,127285.4483
2022-10-28 16:10:00+00:00,1535.4,1535.5,1534.4,1534.9,180223.8495
2022-10-28 16:11:00+00:00,1534.3,1536.2,1534.3,1535.7,391271.4041
2022-10-28 16:12:00+00:00,1536.2,1536.4,1535.9,1536.4,24609.1481
2022-10-28 16:13:00+00:00,1536.4,1539.3,1536.4,1539.3,282726.997
2022-10-28 16:14:00+00:00,1539.0,1539.6,1538.6,1539.5,42429.2557
2022-10-28 16:15:00+00:00,1539.7,1540.7,1538.7,1540.7,118243.0447
2022-10-28 16:16:00+00:00,1541.0,1543.0,1541.0,1542.4,194297.8634
2022-10-28 16:17:00+00:00,1542.3,1543.6,1541.0,1543.5,417707.2119
2022-10-28 16:18:00+00:00,1543.5,1544.5,1543.3,1544.3,71584.329
2022-10-28 16:19:00+00:00,1544.7,1545.8,1543.7,1543.7,646471.2489
2022-10-28 16:20:00+00:00,1543.7,1545.7,1543.3,1544.8,183023.782
2022-10-28 16:21:00+00:00,1544.9,1546.0,1544.7,1545.5,442974.5818
2022-10-28 16:22:00+00:00,1545.4,1545.8,1543.7,1544.4,344520.7239
2022-10-28 16:23:00+00:00,1544.8,1545.5,1544.1,1544.4,238276.9204
2022-10-28 16:24:00+00:00,1544.9,1559.6,1544.9,1555.1,3073729.2693
2022-10-28 16:25:00+00:00,1555.1,1557.3,1551.3,1556.0,3443321.4062
2022-10-28 16:26:00+00:00,1555.7,1556.0,1551.8,1554.6,1049365.7263
2022-10-28 16:27:00+00:00,1554.4,1560.4,1554.4,1556.4,1442726.3866
2022-10-28 16:28:00+00:00,1556.7,1556.9,1551.4,1552.0,1135872.9797
2022-10-28 16:29:00+00:00,1551.7,1553.0,1550.7,1552.4,395186.2209
2022-10-28 16:30:00+00:00,1552.9,1554.2,1552.7,1553.7,217765.4299
2022-10-28 16:31:00+00:00,1554.1,1558.4,1554.1,1555.8,1620627.4739
2022-10-28 16:32:00+00:00,1556.1,1559.8,1555.6,1559.8,638841.1869
2022-10-28 16:33:00+00:00,1558.9,1561.6,1556.9,1559.2,549554.3018
2022-10-28 16:34:00+00:00,1559.4,1561.0,1557.7,1557.7,564325.7243
2022-10-28 16:35:00+00:00,1557.7,1557.7,1555.4,1555.6,363327.2845
2022-10-28 16:36:00+00:00,1555.5,1556.4,1554.7,1556.1,166967.0962
2022-10-28 16:37:00+00:00,1555.7,1556.0,1553.3,1555.0,138780.1529
2022-10-28 16:38:00+00:00,1555.2,1556.2,1554.1,1556.0,191546.3232
2022-10-28 16:39:00+00:00,1555.7,1556.0,1550.8,1552.9,718365.4269
2022-10-28 16:40:00+00:00,1553.1,1554.4,1552.9,1553.0,668927.887
2022-10-28 16:41:00+00:00,1553.0,1553.2,1551.1,1552.2,1521155.9214
2022-10-28 16:42:00+00:00,1552.1,1554.7,1551.5,1553.6,684433.3081
2022-10-28 16:43:00+00:00,1553.2,1557.3,1552.7,1556.6,546216.2812
2022-10-28 16:44:00+00:00,1556.2,1556.9,1555.0,1555.4,231152.4132
2022-10-28 16:45:00+00:00,1555.9,1555.9,1553.1,1553.5,425328.8341
2022-10-28 16:46:00+00:00,1553.4,1554.1,1552.2,1552.4,105764.0941
2022-10-28 16:47:00+00:00,1551.6,1552.1,1551.3,1551.8,199883.2037
2022-10-28 16:48:00+00:00,1551.8,1553.7,1551.8,1553.7,82718.428
2022-10-28 16:49:00+00:00,1553.7,1553.7,1551.1,1553.0,403837.3463
2022-10-28 16:50:00+00:00,1551.7,1553.1,1551.3,1552.9,100063.1838
2022-10-28 16:51:00+00:00,1553.6,1554.8,1553.5,1553.7,81995.0847
2022-10-28 16:52:00+00:00,1553.4,1554.1,1553.0,1554.1,35874.5167
2022-10-28 16:53:00+00:00,1553.8,1568.6,1553.8,1565.0,3499599.4574
2022-10-28 16:54:00+00:00,1563.5,1566.7,1561.6,1565.5,1889008.4287
2022-10-28 16:55:00+00:00,1565.1,1567.9,1562.6,1567.4,483488.7723
2022-10-28 16:56:00+00:00,1568.1,1573.8,1568.1,1573.8,2761810.9057
2022-10-28 16:57:00+00:00,1573.1,1573.2,1568.5,1568.9,566679.8636
2022-10-28 16:58:00+00:00,1569.0,1570.1,1566.1,1566.7,278047.4249
2022-10-28 16:59:00+00:00,1566.8,1567.7,1565.9,1567.6,188115.4888
2022-10-28 17:00:00+00:00,1567.4,1568.1,1565.0,1566.0,935703.9194
2022-10-28 17:01:00+00:00,1566.9,1567.5,1565.7,1566.6,413179.3051
2022-10-28 17:02:00+00:00,1565.7,1567.1,1565.4,1565.7,224259.7329
2022-10-28 17:03:00+00:00,1565.6,1566.1,1564.5,1565.9,381776.8336
2022-10-28 17:04:00+00:00,1565.7,1565.7,1562.9,1563.9,293113.9782
2022-10-28 17:05:00+00:00,1563.2,1564.1,1561.2,1561.2,320215.5927
2022-10-28 17:06:00+00:00,1561.1,1563.0,1560.9,1562.5,213285.9637
2022-10-28 17:07:00+00:00,1562.4,1564.5,1562.4,1564.5,135150.6095
2022-10-28 17:08:00+00:00,1564.3,1565.4,1564.0,1564.8,290374.0577
2022-10-28 17:09:00+00:00,1565.0,1566.8,1565.0,1566.7,347754.1108
2022-10-28 17:10:00+00:00,1566.8,1566.9,1565.9,1565.9,59319.5993
2022-10-28 17:11:00+00:00,1566.0,1566.6,1565.3,1565.3,127509.6199
2022-10-28 17:12:00+00:00,1565.0,1565.0,1564.1,1564.9,91309.5581
2022-10-28 17:13:00+00:00,1564.7,1564.7,1563.3,1564.3,79775.2709
2022-10-28 17:14:00+00:00,1563.5,1565.3,1563.0,1564.8,231350.883
2022-10-28 17:15:00+00:00,1565.4,1565.5,1562.0,1562.0,204720.4734
2022-10-28 17:16:00+00:00,1562.3,1563.2,1561.8,1562.2,94944.2742
2022-10-28 17:17:00+00:00,1562.0,1563.6,1562.0,1563.6,72285.9031
2022-10-28 17:18:00+00:00,1563.7,1565.0,1563.7,1564.5,266222.7092
2022-10-28 17:19:00+00:00,1563.8,1563.8,1560.3,1560.5,258058.8527
2022-10-28 17:20:00+00:00,1560.0,1561.0,1559.5,1560.6,291140.2854
2022-10-28 17:21:00+00:00,1560.1,1560.3,1557.4,1557.8,308874.6859
2022-10-28 17:22:00+00:00,1558.2,1559.8,1557.6,1558.8,98815.8518
2022-10-28 17:23:00+00:00,1559.3,1562.1,1559.3,1562.1,181676.6923
2022-10-28 17:24:00+00:00,1562.2,1563.6,1562.2,1563.0,450520.1618
2022-10-28 17:25:00+00:00,1562.2,1564.3,1561.8,1564.3,98645.221
2022-10-28 17:26:00+00:00,1564.3,1564.3,1562.4,1562.5,90792.0161
2022-10-28 17:27:00+00:00,1562.4,1564.0,1562.0,1564.0,77881.9987
2022-10-28 17:28:00+00:00,1564.2,1565.0,1562.0,1562.0,556485.2524
2022-10-28 17:29:00+00:00,1562.2,1562.6,1560.3,1560.6,159448.8609
2022-10-28 17:30:00+00:00,1561.1,1562.2,1560.2,1560.9,179915.5336
2022-10-28 17:31:00+00:00,1561.8,1562.6,1561.5,1561.5,15091.566
2022-10-28 17:32:00+00:00,1561.4,1562.0,1561.3,1561.7,31017.6743
2022-10-28 17:33:00+00:00,1562.1,1562.1,1561.2,1561.8,84155.1498
2022-10-28 17:34:00+00:00,1561.8,1561.8,1559.7,1559.9,118239.6839
2022-10-28 17:35:00+00:00,1560.2,1561.0,1558.3,1558.3,42728.0125
2022-10-28 17:36:00+00:00,1558.6,1560.2,1557.5,1557.5,345580.4235
2022-10-28 17:37:00+00:00,1558.2,1558.2,1556.4,1557.8,272146.3861
2022-10-28 17:38:00+00:00,1556.7,1558.5,1556.6,1558.5,103910.0794
2022-10-28 17:39:00+00:00,1558.8,1558.8,1557.6,1557.7,25089.1087
2022-10-28 17:40:00+00:00,1558.1,1560.4,1558.1,1558.9,48537.3495
2022-10-28 17:41:00+00:00,1558.7,1559.0,1558.4,1558.7,30333.5048
2022-10-28 17:42:00+00:00,1558.5,1558.5,1556.3,1556.4,280592.8184
2022-10-28 17:43:00+00:00,1556.1,1557.1,1555.8,1556.3,100286.7278
2022-10-28 17:44:00+00:00,1555.8,1556.8,1554.0,1556.8,267075.1624
2022-10-28 17:45:00+00:00,1557.7,1558.4,1557.0,1557.8,466300.0355
2022-10-28 17:46:00+00:00,1558.0,1558.1,1557.2,1557.9,104840.8234
2022-10-28 17:47:00+00:00,1557.6,1559.0,1557.6,1557.7,146058.9976
2022-10-28 17:48:00+00:00,1557.4,1557.4,1556.1,1556.1,58251.4054
2022-10-28 17:49:00+00:00,1556.8,1557.1,1555.6,1555.6,257484.824
2022-10-28 17:50:00+00:00,1556.1,1557.6,1556.1,1557.5,146955.9264
2022-10-28 17:51:00+00:00,1557.2,1558.7,1557.1,1558.4,65596.9293
2022-10-28 17:52:00+00:00,1558.0,1558.0,1556.6,1556.6,42404.4612
2022-10-28 17:53:00+00:00,1556.4,1557.5,1556.2,1557.4,36989.4512
2022-10-28 17:54:00+00:00,1556.4,1556.4,1555.0,1555.3,56475.963
2022-10-28 17:55:00+00:00,1555.1,1555.6,1555.1,1555.3,6499.9801
2022-10-28 17:56:00+00:00,1555.0,1556.6,1555.0,1555.7,1659090.7672
2022-10-28 17:57:00+00:00,1555.9,1556.2,1553.7,1553.8,465054.0636
2022-10-28 17:58:00+00:00,1554.7,1554.8,1553.3,1553.4,28466.4866
2022-10-28 17:59:00+00:00,1553.1,1554.3,1552.5,1553.3,461367.3693
2022-10-28 18:00:00+00:00,1553.2,1555.3,1553.0,1554.4,236964.0878
2022-10-28 18:01:00+00:00,1554.7,1554.9,1553.5,1553.8,478091.5222
2022-10-28 18:02:00+00:00,1553.6,1554.0,1552.0,1552.4,252490.8667
2022-10-28 18:03:00+00:00,1551.8,1552.0,1549.2,1550.5,861505.5518
2022-10-28 18:04:00+00:00,1550.5,1551.9,1550.5,1551.5,84037.4164
2022-10-28 18:05:00+00:00,1551.9,1554.1,1551.9,1553.4,199990.3529
2022-10-28 18:06:00+00:00,1553.7,1553.9,1552.2,1552.2,81798.3884
2022-10-28 18:07:00+00:00,1552.8,1554.7,1552.6,1554.0,92809.6856
2022-10-28 18:08:00+00:00,1553.9,1553.9,1551.8,1553.1,155430.8232
2022-10-28 18:09:00+00:00,1553.3,1554.2,1553.2,1554.2,74813.8964
2022-10-28 18:10:00+00:00,1554.6,1556.1,1554.6,1555.2,75670.1113
2022-10-28 18:11:00+00:00,1555.5,1556.0,1554.4,1555.0,172801.7029
2022-10-28 18:12:00+00:00,1555.0,1556.2,1555.0,1555.7,382164.8607
2022-10-28 18:13:00+00:00,1555.9,1555.9,1554.9,1555.9,84115.46
2022-10-28 18:14:00+00:00,1555.6,1556.4,1555.6,1556.4,150624.2507
2022-10-28 18:15:00+00:00,1555.9,1558.3,1555.7,1557.8,373984.9392
2022-10-28 18:16:00+00:00,1557.5,1557.9,1554.4,1555.3,704529.7117
2022-10-28 18:17:00+00:00,1555.4,1555.4,1554.9,1555.0,68821.8699
2022-10-28 18:18:00+00:00,1555.3,1555.3,1552.7,1553.0,131848.201
2022-10-28 18:19:00+00:00,1552.4,1553.0,1552.0,1552.8,96911.4874
2022-10-28 18:20:00+00:00,1553.0,1553.0,1551.7,1551.7,41678.8029
2022-10-28 18:21:00+00:00,1552.7,1553.8,1552.6,1553.8,99475.1704
2022-10-28 18:22:00+00:00,1553.1,1553.1,1552.4,1552.9,79922.4957
2022-10-28 18:23:00+00:00,1553.1,1553.5,1552.9,1553.5,48342.3928
2022-10-28 18:24:00+00:00,1553.7,1553.7,1552.9,1553.5,115413.4166
2022-10-28 18:25:00+00:00,1553.8,1553.8,1552.9,1552.9,42183.4215
2022-10-28 18:26:00+00:00,1552.2,1552.4,1551.5,1551.5,151104.9388
2022-10-28 18:27:00+00:00,1551.7,1552.2,1551.4,1551.5,61254.8551
2022-10-28 18:28:00+00:00,1551.4,1551.9,1551.0,1551.9,78812.0622
2022-10-28 18:29:00+00:00,1552.8,1553.7,1552.5,1553.6,156108.652
2022-10-28 18:30:00+00:00,1553.3,1554.1,1552.7,1552.7,22163.293
2022-10-28 18:31:00+00:00,1552.7,1553.3,1552.4,1553.3,11881.9107
2022-10-28 18:32:00+00:00,1553.4,1553.4,1553.3,1553.3,658.627
2022-10-28 18:33:00+00:00,1553.8,1554.4,1552.8,1553.6,96097.1735
2022-10-28 18:34:00+00:00,1553.9,1555.6,1553.9,1555.0,70857.302
2022-10-28 18:35:00+00:00,1554.7,1555.7,1554.7,1555.3,43640.2727
2022-10-28 18:36:00+00:00,1555.0,1555.8,1554.8,1555.6,13495.8682
2022-10-28 18:37:00+00:00,1555.9,1557.4,1555.9,1557.4,149922.7914
2022-10-28 18:38:00+00:00,1557.1,1558.0,1557.1,1557.2,284568.7484
2022-10-28 18:39:00+00:00,1557.2,1557.2,1555.8,1556.2,87479.7398
2022-10-28 18:40:00+00:00,1556.0,1556.7,1555.6,1556.7,140689.9856
2022-10-28 18:41:00+00:00,1556.6,1556.8,1555.6,1556.8,102918.6107
2022-10-28 18:42:00+00:00,1556.1,1557.3,1556.0,1557.3,110692.6452
2022-10-28 18:43:00+00:00,1557.8,1557.8,1556.7,1556.7,18595.9411
2022-10-28 18:44:00+00:00,1556.6,1557.2,1556.4,1556.4,68827.6192
2022-10-28 18:45:00+00:00,1556.0,1556.7,1556.0,1556.6,20220.9104
2022-10-28 18:46:00+00:00,1556.7,1558.5,1556.7,1558.0,139191.483
2022-10-28 18:47:00+00:00,1558.6,1558.7,1557.8,1558.7,342036.7829
2022-10-28 18:48:00+00:00,1558.7,1558.8,1558.4,1558.4,164460.6598
2022-10-28 18:49:00+00:00,1558.4,1558.4,1556.2,1556.2,62028.4601
2022-10-28 18:50:00+00:00,1556.0,1556.9,1555.5,1555.5,141638.4276
2022-10-28 18:51:00+00:00,1555.7,1556.4,1555.4,1556.0,181547.5333
2022-10-28 18:52:00+00:00,1555.4,1555.4,1551.4,1553.5,1772248.2294
2022-10-28 18:53:00+00:00,1553.6,1554.3,1552.1,1552.2,1996018.8144
2022-10-28 18:54:00+00:00,1551.6,1552.2,1551.0,1552.2,95143.609
2022-10-28 18:55:00+00:00,1552.2,1554.6,1552.2,1554.6,32833.8398
2022-10-28 18:56:00+00:00,1554.8,1557.6,1554.8,1557.0,354316.2113
2022-10-28 18:57:00+00:00,1557.8,1557.8,1556.9,1557.2,66141.4959
2022-10-28 18:58:00+00:00,1556.8,1557.4,1555.7,1557.4,606268.9582
2022-10-28 18:59:00+00:00,1556.7,1557.2,1556.7,1556.9,39726.1808
2022-10-28 19:00:00+00:00,1557.2,1558.0,1556.4,1556.4,255999.1042
2022-10-28 19:01:00+00:00,1556.9,1557.1,1555.5,1556.7,204494.9166
2022-10-28 19:02:00+00:00,1556.5,1558.9,1556.5,1558.6,98202.3777
2022-10-28 19:03:00+00:00,1559.0,1559.0,1556.5,1556.5,246102.1506
2022-10-28 19:04:00+00:00,1556.2,1556.2,1552.7,1553.0,305766.2522
2022-10-28 19:05:00+00:00,1553.3,1554.4,1550.7,1551.1,884574.7694
2022-10-28 19:06:00+00:00,1551.6,1551.6,1550.0,1550.8,224397.5119
2022-10-28 19:07:00+00:00,1550.8,1553.3,1550.8,1552.1,1889811.7546
2022-10-28 19:08:00+00:00,1552.3,1553.7,1552.1,1553.7,97353.3449
2022-10-28 19:09:00+00:00,1553.9,1554.7,1552.8,1553.7,1304975.2236
2022-10-28 19:10:00+00:00,1552.9,1553.5,1552.5,1553.5,671311.0323
2022-10-28 19:11:00+00:00,1553.8,1554.5,1553.8,1553.9,63505.3926
2022-10-28 19:12:00+00:00,1554.5,1554.5,1553.4,1553.5,25516.1446
2022-10-28 19:13:00+00:00,1554.5,1554.7,1553.7,1553.7,13562.5224
2022-10-28 19:14:00+00:00,1553.4,1553.4,1551.0,1551.6,53048.956
2022-10-28 19:15:00+00:00,1551.3,1552.0,1551.0,1551.1,104561.23
2022-10-28 19:16:00+00:00,1550.5,1550.7,1549.4,1550.6,271896.9044
2022-10-28 19:17:00+00:00,1550.6,1552.2,1550.6,1552.2,22837.4667
2022-10-28 19:18:00+00:00,1552.0,1552.3,1551.4,1551.4,26528.4275
2022-10-28 19:19:00+00:00,1551.7,1551.7,1550.0,1550.3,52459.4739
2022-10-28 19:20:00+00:00,1549.8,1551.9,1549.7,1550.3,232798.4918
2022-10-28 19:21:00+00:00,1550.0,1551.4,1549.3,1549.4,101046.9647
2022-10-28 19:22:00+00:00,1549.2,1549.7,1547.0,1549.5,823300.0456
2022-10-28 19:23:00+00:00,1549.8,1550.4,1549.6,1550.2,204342.4367
2022-10-28 19:24:00+00:00,1549.9,1550.6,1548.6,1550.6,124528.2897
2022-10-28 19:25:00+00:00,1550.5,1551.7,1550.5,1551.7,127338.8619
2022-10-28 19:26:00+00:00,1551.7,1552.8,1551.5,1551.9,288582.3617
2022-10-28 19:27:00+00:00,1551.7,1552.0,1551.5,1552.0,36314.5619
2022-10-28 19:28:00+00:00,1552.4,1552.7,1551.9,1552.7,50875.8805
2022-10-28 19:29:00+00:00,1552.4,1552.4,1551.8,1552.0,37432.5745
2022-10-28 19:30:00+00:00,1551.7,1552.2,1551.1,1551.1,45967.5421
2022-10-28 19:31:00+00:00,1551.2,1553.2,1550.8,1553.2,1613297.9204
2022-10-28 19:32:00+00:00,1553.3,1553.4,1552.5,1552.7,175988.6389
2022-10-28 19:33:00+00:00,1552.5,1552.8,1552.1,1552.3,63475.4573
2022-10-28 19:34:00+00:00,1552.2,1552.7,1551.3,1552.0,50784.9481
2022-10-28 19:35:00+00:00,1551.4,1551.6,1551.1,1551.1,65511.3649
2022-10-28 19:36:00+00:00,1551.2,1551.4,1550.4,1550.4,45727.5612
2022-10-28 19:37:00+00:00,1550.1,1551.1,1549.2,1551.1,366241.1181
2022-10-28 19:38:00+00:00,1550.8,1551.6,1550.7,1551.6,19832.0805
2022-10-28 19:39:00+00:00,1551.5,1551.7,1550.9,1551.3,29689.9231
2022-10-28 19:40:00+00:00,1551.2,1552.8,1551.2,1552.5,207360.0918
2022-10-28 19:41:00+00:00,1552.3,1553.6,1552.3,1552.6,107962.8412
2022-10-28 19:42:00+00:00,1553.4,1554.8,1553.4,1554.6,224248.2453
2022-10-28 19:43:00+00:00,1554.1,1554.1,1553.2,1554.0,46750.066
2022-10-28 19:44:00+00:00,1553.5,1554.1,1553.5,1554.1,17337.5538
2022-10-28 19:45:00+00:00,1553.9,1554.5,1553.9,1554.4,191340.3934
2022-10-28 19:46:00+00:00,1554.4,1555.0,1554.4,1554.4,34465.8572
2022-10-28 19:47:00+00:00,1555.1,1555.1,1554.5,1554.7,28381.7727
2022-10-28 19:48:00+00:00,1554.6,1554.6,1553.7,1554.4,28567.2224
2022-10-28 19:49:00+00:00,1553.8,1555.4,1553.8,1555.4,76263.5578
2022-10-28 19:50:00+00:00,1555.1,1555.1,1554.4,1555.0,92361.6754
2022-10-28 19:51:00+00:00,1555.3,1556.3,1554.9,1556.3,13024.1945
2022-10-28 19:52:00+00:00,1556.2,1557.1,1556.2,1556.6,38913.6682
2022-10-28 19:53:00+00:00,1556.0,1557.4,1556.0,1557.4,45431.3664
2022-10-28 19:54:00+00:00,1557.0,1558.4,1555.5,1555.5,205746.6231
2022-10-28 19:55:00+00:00,1555.9,1556.7,1555.6,1555.7,106470.631
2022-10-28 19:56:00+00:00,1556.0,1556.0,1555.2,1555.2,10827.8449
2022-10-28 19:57:00+00:00,1555.3,1555.3,1554.8,1555.3,11842.4873
2022-10-28 19:58:00+00:00,1555.2,1557.3,1555.2,1557.2,39713.9269
2022-10-28 19:59:00+00:00,1557.7,1558.5,1557.0,1557.7,40891.337
2022-10-28 20:00:00+00:00,1557.6,1559.2,1557.5,1558.8,175455.2345
2022-10-28 20:01:00+00:00,1558.6,1562.9,1558.6,1562.3,711849.6233
2022-10-28 20:02:00+00:00,1562.5,1562.9,1560.2,1560.7,64256.2584
2022-10-28 20:03:00+00:00,1560.3,1562.0,1559.9,1561.5,270344.1579
2022-10-28 20:04:00+00:00,1562.0,1562.7,1561.0,1562.2,59634.1542
2022-10-28 20:05:00+00:00,1562.7,1565.1,1562.5,1562.8,423137.2527
2022-10-28 20:06:00+00:00,1563.1,1564.6,1562.5,1564.5,218193.3861
2022-10-28 20:07:00+00:00,1564.1,1564.4,1563.1,1564.4,1713206.1362
2022-10-28 20:08:00+00:00,1564.5,1564.6,1563.9,1563.9,29284.0587
2022-10-28 20:09:00+00:00,1564.5,1568.0,1564.5,1566.7,812965.3432
2022-10-28 20:10:00+00:00,1566.6,1566.6,1565.2,1565.7,167897.1988
2022-10-28 20:11:00+00:00,1565.3,1565.3,1563.9,1564.0,104408.2106
2022-10-28 20:12:00+00:00,1564.0,1565.1,1562.6,1562.9,396069.9857
2022-10-28 20:13:00+00:00,1562.7,1563.3,1559.2,1559.2,718115.2931
2022-10-28 20:14:00+00:00,1559.2,1561.4,1559.2,1560.6,104097.2321
2022-10-28 20:15:00+00:00,1560.7,1561.6,1560.7,1561.6,21003.9157
2022-10-28 20:16:00+00:00,1561.9,1563.2,1561.9,1562.6,120365.7202
2022-10-28 20:17:00+00:00,1562.5,1563.4,1562.1,1563.4,23395.7777
2022-10-28 20:18:00+00:00,1563.5,1565.6,1563.5,1565.2,254891.7489
2022-10-28 20:19:00+00:00,1565.3,1565.3,1563.0,1563.1,111429.6233
2022-10-28 20:20:00+00:00,1563.6,1563.7,1563.1,1563.2,34333.397
2022-10-28 20:21:00+00:00,1563.0,1563.6,1562.8,1563.1,21718.1396
2022-10-28 20:22:00+00:00,1563.1,1565.0,1563.0,1563.6,105077.6203
2022-10-28 20:23:00+00:00,1563.4,1563.5,1562.4,1563.3,47673.9341
2022-10-28 20:24:00+00:00,1562.7,1564.2,1562.2,1564.2,79218.4168
2022-10-28 20:25:00+00:00,1563.8,1565.0,1563.7,1564.0,74695.4777
2022-10-28 20:26:00+00:00,1563.9,1563.9,1563.3,1563.9,9810.4704
2022-10-28 20:27:00+00:00,1564.3,1564.3,1562.9,1562.9,31970.1158
2022-10-28 20:28:00+00:00,1563.1,1563.4,1562.8,1563.0,41624.8002
2022-10-28 20:29:00+00:00,1562.7,1563.2,1562.7,1563.2,159160.9935
2022-10-28 20:30:00+00:00,1563.5,1564.3,1563.4,1563.4,78138.9171
2022-10-28 20:31:00+00:00,1563.5,1565.6,1563.5,1565.6,106007.1833
2022-10-28 20:32:00+00:00,1565.2,1565.2,1564.1,1564.1,52587.0992
2022-10-28 20:33:00+00:00,1563.7,1563.7,1562.6,1562.6,58455.431
2022-10-28 20:34:00+00:00,1562.3,1562.3,1560.9,1561.4,91810.8995
2022-10-28 20:35:00+00:00,1561.8,1562.3,1561.6,1561.6,35202.2729
2022-10-28 20:36:00+00:00,1562.4,1562.6,1561.9,1561.9,136270.1915
2022-10-28 20:37:00+00:00,1562.2,1562.2,1562.1,1562.1,7290.7687
2022-10-28 20:38:00+00:00,1562.2,1564.8,1562.1,1564.8,254707.8431
2022-10-28 20:39:00+00:00,1564.5,1565.5,1564.4,1565.0,59394.3029
2022-10-28 20:40:00+00:00,1565.4,1567.3,1565.4,1566.8,189578.2133
2022-10-28 20:41:00+00:00,1566.9,1568.9,1566.9,1568.7,289340.9757
2022-10-28 20:42:00+00:00,1568.4,1575.0,1568.3,1571.3,1298441.4342
2022-10-28 20:43:00+00:00,1571.3,1571.6,1569.5,1570.3,682355.4969
2022-10-28 20:44:00+00:00,1570.2,1571.5,1569.7,1570.3,531467.7553
2022-10-28 20:45:00+00:00,1570.3,1570.5,1568.2,1568.2,1133578.2914
2022-10-28 20:46:00+00:00,1568.6,1570.5,1568.6,1570.4,330996.8992
2022-10-28 20:47:00+00:00,1570.1,1570.1,1567.1,1567.4,590204.683
2022-10-28 20:48:00+00:00,1566.6,1566.6,1564.8,1564.8,717275.1184
2022-10-28 20:49:00+00:00,1564.8,1564.8,1562.7,1563.0,550281.7944
2022-10-28 20:50:00+00:00,1562.8,1563.9,1562.4,1563.1,186801.1352
2022-10-28 20:51:00+00:00,1562.8,1563.5,1562.3,1562.3,96100.3353
2022-10-28 20:52:00+00:00,1562.8,1562.8,1561.1,1561.9,443154.6148
2022-10-28 20:53:00+00:00,1561.9,1562.1,1560.9,1561.0,353889.4636
2022-10-28 20:54:00+00:00,1560.7,1562.0,1560.0,1561.9,469308.5135
2022-10-28 20:55:00+00:00,1562.0,1563.4,1561.7,1562.5,205552.3918
2022-10-28 20:56:00+00:00,1562.5,1562.5,1561.6,1562.2,60762.5162
2022-10-28 20:57:00+00:00,1562.2,1562.9,1562.2,1562.3,122597.1367
2022-10-28 20:58:00+00:00,1562.1,1562.6,1561.8,1562.2,403013.0048
2022-10-28 20:59:00+00:00,1562.1,1562.1,1559.5,1560.2,779132.4753
2022-10-28 21:00:00+00:00,1559.8,1560.7,1559.4,1560.1,299921.4552
2022-10-28 21:01:00+00:00,1560.2,1561.7,1560.1,1561.7,65343.3439
2022-10-28 21:02:00+00:00,1561.7,1562.9,1561.0,1561.2,347858.0266
2022-10-28 21:03:00+00:00,1560.9,1562.2,1560.7,1561.9,108341.2092
2022-10-28 21:04:00+00:00,1562.3,1562.5,1562.2,1562.2,38319.5606
2022-10-28 21:05:00+00:00,1562.1,1562.8,1562.0,1562.3,76319.7921
2022-10-28 21:06:00+00:00,1562.8,1563.5,1562.8,1563.1,43021.4425
2022-10-28 21:07:00+00:00,1563.4,1563.4,1561.8,1561.8,80983.5504
2022-10-28 21:08:00+00:00,1561.9,1561.9,1561.1,1561.1,4472.3184
2022-10-28 21:09:00+00:00,1561.4,1561.4,1561.2,1561.2,881167.5076
2022-10-28 21:10:00+00:00,1561.1,1561.2,1560.8,1561.1,330877.3906
2022-10-28 21:11:00+00:00,1561.2,1561.2,1561.2,1561.2,311564.0004
2022-10-28 21:12:00+00:00,1561.2,1561.3,1560.9,1561.0,1387282.3736
2022-10-28 21:13:00+00:00,1561.0,1561.3,1560.7,1561.0,794002.1874
2022-10-28 21:14:00+00:00,1560.9,1561.0,1560.8,1561.0,98311.9669
2022-10-28 21:15:00+00:00,1561.0,1561.0,1560.9,1560.9,371754.683
2022-10-28 21:16:00+00:00,1560.9,1560.9,1560.2,1560.2,232310.5216
2022-10-28 21:17:00+00:00,1560.2,1560.2,1560.0,1560.2,588109.5123
2022-10-28 21:18:00+00:00,1560.2,1560.6,1560.2,1560.6,343403.369
2022-10-28 21:19:00+00:00,1560.5,1561.1,1560.5,1560.9,108223.9299
2022-10-28 21:20:00+00:00,1561.0,1561.5,1560.7,1560.7,116335.4507
2022-10-28 21:21:00+00:00,1560.6,1560.8,1560.6,1560.8,21067.4349
2022-10-28 21:22:00+00:00,1560.7,1560.7,1558.5,1559.1,952322.6778
2022-10-28 21:23:00+00:00,1558.8,1559.6,1558.6,1559.6,295435.0027
2022-10-28 21:24:00+00:00,1559.6,1559.8,1559.6,1559.6,21149.7992
2022-10-28 21:25:00+00:00,1559.7,1559.9,1559.6,1559.6,45244.454
2022-10-28 21:26:00+00:00,1559.7,1560.3,1559.7,1560.3,24687.4982
2022-10-28 21:27:00+00:00,1560.3,1561.2,1560.3,1561.2,23586.5666
2022-10-28 21:28:00+00:00,1561.1,1561.4,1561.1,1561.4,47586.6853
2022-10-28 21:29:00+00:00,1562.1,1562.1,1562.0,1562.0,456.1186
2022-10-28 21:30:00+00:00,1561.5,1561.5,1561.0,1561.3,54838.3504
2022-10-28 21:31:00+00:00,1561.1,1561.3,1560.8,1560.8,9704.7896
2022-10-28 21:32:00+00:00,1560.4,1560.4,1559.7,1559.7,4482.5419
2022-10-28 21:33:00+00:00,1559.9,1560.0,1559.6,1559.7,84421.9555
2022-10-28 21:34:00+00:00,1559.8,1560.4,1559.4,1560.3,58775.5531
2022-10-28 21:35:00+00:00,1560.5,1561.4,1560.5,1561.4,11603.6122
2022-10-28 21:36:00+00:00,1561.9,1562.4,1561.9,1562.4,40834.6489
2022-10-28 21:37:00+00:00,1563.2,1564.4,1563.2,1564.4,163358.7493
2022-10-28 21:38:00+00:00,1564.9,1565.1,1563.2,1563.2,144608.5058
2022-10-28 21:39:00+00:00,1562.9,1562.9,1562.3,1562.3,5642.6719
2022-10-28 21:40:00+00:00,1562.9,1562.9,1562.6,1562.6,12501.7
2022-10-28 21:41:00+00:00,1562.8,1562.8,1562.7,1562.7,6601.256
2022-10-28 21:42:00+00:00,1562.9,1562.9,1562.9,1562.9,7814.5
2022-10-28 21:43:00+00:00,1562.7,1562.7,1561.5,1562.0,26672.1234
2022-10-28 21:44:00+00:00,1561.4,1561.4,1559.3,1559.3,165658.5857
2022-10-28 21:45:00+00:00,1559.2,1559.5,1559.0,1559.5,17808.1604
2022-10-28 21:46:00+00:00,1560.0,1560.0,1557.6,1557.8,388613.4737
2022-10-28 21:47:00+00:00,1557.9,1557.9,1557.0,1557.4,585237.9411
2022-10-28 21:48:00+00:00,1557.2,1558.1,1556.9,1556.9,120649.4505
2022-10-28 21:49:00+00:00,1556.7,1556.7,1553.0,1555.1,843627.894
2022-10-28 21:50:00+00:00,1555.3,1557.1,1555.3,1557.1,102518.8398
2022-10-28 21:51:00+00:00,1556.7,1556.7,1554.5,1554.8,113961.4957
2022-10-28 21:52:00+00:00,1554.8,1554.9,1554.2,1554.4,23908.9316
2022-10-28 21:53:00+00:00,1554.6,1554.6,1552.7,1553.6,144420.525
2022-10-28 21:54:00+00:00,1553.5,1553.5,1552.5,1553.0,162607.5362
2022-10-28 21:55:00+00:00,1552.7,1556.2,1552.7,1555.9,133221.251
2022-10-28 21:56:00+00:00,1555.7,1555.7,1554.8,1554.8,170990.8858
2022-10-28 21:57:00+00:00,1555.0,1555.9,1555.0,1555.4,1361572.925
2022-10-28 21:58:00+00:00,1555.5,1556.5,1555.4,1556.3,537238.0289
2022-10-28 21:59:00+00:00,1556.3,1556.5,1556.2,1556.5,35490.0195
2022-10-28 22:00:00+00:00,1556.6,1558.3,1556.6,1558.0,230598.5391
2022-10-28 22:01:00+00:00,1558.0,1558.4,1554.6,1554.8,1686442.1736
2022-10-28 22:02:00+00:00,1554.8,1555.3,1552.2,1555.3,383217.1227
2022-10-28 22:03:00+00:00,1555.2,1555.5,1554.2,1554.8,86471.4276
2022-10-28 22:04:00+00:00,1555.4,1555.9,1555.4,1555.5,12598.9798
2022-10-28 22:05:00+00:00,1555.3,1556.8,1555.2,1556.4,82407.1178
2022-10-28 22:06:00+00:00,1556.5,1559.7,1556.5,1558.4,281101.1497
2022-10-28 22:07:00+00:00,1557.7,1557.9,1557.0,1557.6,170794.9958
2022-10-28 22:08:00+00:00,1557.0,1557.2,1556.7,1557.2,23229.0775
2022-10-28 22:09:00+00:00,1556.3,1556.6,1556.1,1556.5,19308.7986
2022-10-28 22:10:00+00:00,1556.8,1556.8,1556.8,1556.8,389.2
2022-10-28 22:11:00+00:00,1557.2,1558.5,1557.2,1557.6,77416.0768
2022-10-28 22:12:00+00:00,1557.5,1557.8,1557.5,1557.8,574.7903
2022-10-28 22:13:00+00:00,1557.2,1558.4,1557.2,1558.4,49077.8174
2022-10-28 22:14:00+00:00,1558.6,1559.7,1558.6,1559.7,31884.2207
2022-10-28 22:15:00+00:00,1559.0,1559.0,1558.5,1558.5,13411.324
2022-10-28 22:16:00+00:00,1557.9,1558.0,1557.0,1557.1,350078.3584
2022-10-28 22:17:00+00:00,1557.6,1558.3,1557.4,1557.6,65353.6367
2022-10-28 22:18:00+00:00,1557.7,1557.9,1557.5,1557.5,159500.0511
2022-10-28 22:19:00+00:00,1557.2,1557.2,1556.3,1556.3,133014.2643
2022-10-28 22:20:00+00:00,1556.7,1556.7,1556.0,1556.5,38487.3404
2022-10-28 22:21:00+00:00,1556.5,1557.8,1556.5,1557.1,60891.0422
2022-10-28 22:22:00+00:00,1557.0,1557.0,1556.9,1556.9,588.5182
2022-10-28 22:23:00+00:00,1556.3,1556.7,1556.2,1556.7,161224.7132
2022-10-28 22:24:00+00:00,1556.2,1556.5,1556.2,1556.5,6680.0104
2022-10-28 22:25:00+00:00,1556.8,1557.2,1556.5,1557.2,29872.1718
2022-10-28 22:26:00+00:00,1557.1,1557.8,1557.1,1557.8,50341.7263
2022-10-28 22:27:00+00:00,1557.6,1557.6,1556.5,1556.5,46478.5936
2022-10-28 22:28:00+00:00,1555.8,1556.4,1555.7,1556.4,243097.0387
2022-10-28 22:29:00+00:00,1555.6,1555.8,1555.2,1555.2,14091.9569
2022-10-28 22:30:00+00:00,1555.3,1555.3,1554.5,1554.5,32553.1454
2022-10-28 22:31:00+00:00,1554.1,1555.3,1553.3,1555.0,226400.9834
2022-10-28 22:32:00+00:00,1555.0,1555.0,1554.0,1554.0,299549.0824
2022-10-28 22:33:00+00:00,1554.3,1554.5,1553.6,1553.6,277892.7581
2022-10-28 22:34:00+00:00,1553.6,1553.8,1553.6,1553.6,29351.3328
2022-10-28 22:35:00+00:00,1553.7,1554.5,1553.7,1554.5,17087.3366
2022-10-28 22:36:00+00:00,1554.2,1554.2,1553.8,1554.2,244502.3276
2022-10-28 22:37:00+00:00,1554.8,1555.5,1554.8,1555.5,135660.9145
2022-10-28 22:38:00+00:00,1555.2,1555.6,1555.2,1555.4,6603.1422
2022-10-28 22:39:00+00:00,1555.5,1555.7,1555.5,1555.7,7151.5337
2022-10-28 22:40:00+00:00,1555.9,1556.0,1555.9,1555.9,2839.5458
2022-10-28 22:41:00+00:00,1556.4,1558.6,1556.4,1558.6,317428.1027
2022-10-28 22:42:00+00:00,1559.1,1562.5,1559.1,1561.1,338655.909
2022-10-28 22:43:00+00:00,1560.7,1560.9,1559.4,1559.4,23551.5162
2022-10-28 22:44:00+00:00,1559.0,1559.0,1559.0,1559.0,141.869
2022-10-28 22:45:00+00:00,1558.9,1559.0,1558.9,1559.0,2651.829
2022-10-28 22:46:00+00:00,1558.8,1559.4,1558.4,1559.4,40718.2984
2022-10-28 22:47:00+00:00,1559.4,1559.4,1559.2,1559.2,11191.0961
2022-10-28 22:48:00+00:00,1559.3,1559.3,1559.3,1559.3,227.6578
2022-10-28 22:49:00+00:00,1559.3,1561.4,1558.9,1560.8,92549.4601
2022-10-28 22:50:00+00:00,1560.6,1561.2,1559.8,1560.0,153210.6662
2022-10-28 22:51:00+00:00,1559.5,1559.5,1558.6,1558.6,128794.2635
2022-10-28 22:52:00+00:00,1558.6,1558.9,1558.4,1558.9,59895.796
2022-10-28 22:53:00+00:00,1558.9,1558.9,1558.8,1558.8,2304.0264
2022-10-28 22:54:00+00:00,1558.8,1558.8,1558.4,1558.4,456.6152
2022-10-28 22:55:00+00:00,1558.6,1558.6,1558.6,1558.6,291.4582
2022-10-28 22:56:00+00:00,1558.2,1558.2,1557.0,1557.0,93584.2898
2022-10-28 22:57:00+00:00,1557.8,1557.8,1557.0,1557.3,21932.2345
2022-10-28 22:58:00+00:00,1557.0,1557.0,1556.9,1556.9,10828.7395
2022-10-28 22:59:00+00:00,1557.0,1559.0,1557.0,1559.0,72559.3787
2022-10-28 23:00:00+00:00,1558.7,1558.9,1558.6,1558.6,45264.4077
2022-10-28 23:01:00+00:00,1558.4,1558.4,1557.8,1558.1,73496.2265
2022-10-28 23:02:00+00:00,1558.0,1558.0,1557.2,1557.2,8454.4347
2022-10-28 23:03:00+00:00,1557.2,1557.6,1557.2,1557.3,23017.4299
2022-10-28 23:04:00+00:00,1557.3,1557.6,1557.2,1557.4,18994.214
2022-10-28 23:05:00+00:00,1557.2,1557.7,1557.2,1557.7,19674.5476
2022-10-28 23:06:00+00:00,1556.7,1556.7,1554.8,1554.8,45207.478
2022-10-28 23:07:00+00:00,1554.5,1554.5,1554.0,1554.3,79886.1805
2022-10-28 23:08:00+00:00,1554.4,1554.4,1553.8,1554.4,20206.5424
2022-10-28 23:09:00+00:00,1555.6,1555.7,1555.6,1555.7,24054.3728
2022-10-28 23:10:00+00:00,1555.5,1555.5,1554.8,1554.8,5542.1556
2022-10-28 23:11:00+00:00,1555.5,1555.5,1554.9,1554.9,8178.7601
2022-10-28 23:12:00+00:00,1555.0,1555.1,1555.0,1555.1,20132.31
2022-10-28 23:13:00+00:00,1554.9,1554.9,1554.7,1554.7,833.3566
2022-10-28 23:14:00+00:00,1555.0,1555.1,1554.8,1554.8,34311.262
2022-10-28 23:15:00+00:00,1555.2,1555.5,1555.2,1555.5,8950.9625
2022-10-28 23:16:00+00:00,1555.3,1555.4,1554.8,1555.4,49691.1156
2022-10-28 23:17:00+00:00,1555.5,1556.1,1555.5,1556.1,11208.846
2022-10-28 23:18:00+00:00,1556.9,1557.2,1556.9,1557.2,10154.3822
2022-10-28 23:19:00+00:00,1557.3,1557.4,1557.1,1557.1,132033.0871
2022-10-28 23:20:00+00:00,1557.3,1557.5,1557.3,1557.5,15094.0024
2022-10-28 23:21:00+00:00,1557.6,1557.8,1557.3,1557.3,42505.4138
2022-10-28 23:22:00+00:00,1557.2,1557.8,1557.2,1557.8,100875.1142
2022-10-28 23:23:00+00:00,1557.9,1558.0,1557.6,1558.0,69810.2353
2022-10-28 23:24:00+00:00,1557.6,1557.6,1557.6,1557.6,227.4096
2022-10-28 23:25:00+00:00,1557.7,1557.7,1557.5,1557.5,157.3257
2022-10-28 23:26:00+00:00,1556.9,1558.1,1556.9,1558.1,94649.3326
2022-10-28 23:27:00+00:00,1557.9,1558.0,1557.9,1558.0,15034.5
2022-10-28 23:28:00+00:00,1558.0,1558.2,1557.9,1558.2,5450.2563
2022-10-28 23:29:00+00:00,1558.1,1558.3,1558.1,1558.3,17769.2757
2022-10-28 23:30:00+00:00,1558.3,1558.5,1558.3,1558.3,5438.5402
2022-10-28 23:31:00+00:00,1558.2,1558.2,1557.2,1557.2,37651.0921
2022-10-28 23:32:00+00:00,1557.2,1557.2,1556.1,1556.1,83607.9506
2022-10-28 23:33:00+00:00,1556.0,1557.9,1555.9,1557.6,46199.3713
2022-10-28 23:34:00+00:00,1556.6,1556.6,1556.6,1556.6,3746.7362
2022-10-28 23:35:00+00:00,1557.1,1557.1,1555.2,1555.2,15748.1062
2022-10-28 23:36:00+00:00,1554.6,1554.6,1553.8,1553.8,49660.8815
2022-10-28 23:37:00+00:00,1553.9,1554.6,1553.9,1554.6,15408.7436
2022-10-28 23:38:00+00:00,1554.9,1556.2,1554.9,1555.8,15408.7623
2022-10-28 23:39:00+00:00,1556.0,1556.1,1555.5,1555.5,2803.959
2022-10-28 23:40:00+00:00,1556.6,1557.2,1556.6,1556.7,31306.432
2022-10-28 23:41:00+00:00,1556.8,1556.9,1556.0,1556.0,9639.2465
2022-10-28 23:42:00+00:00,1555.2,1555.2,1553.2,1553.4,283433.8374
2022-10-28 23:43:00+00:00,1553.5,1554.3,1553.1,1554.3,195685.6896
2022-10-28 23:44:00+00:00,1554.9,1554.9,1554.1,1554.1,66598.9716
2022-10-28 23:45:00+00:00,1553.8,1553.8,1553.6,1553.7,19979.1183
2022-10-28 23:46:00+00:00,1554.2,1554.9,1554.2,1554.9,5196.9547
2022-10-28 23:47:00+00:00,1554.8,1555.3,1554.7,1554.7,6939.8994
2022-10-28 23:48:00+00:00,1554.9,1555.5,1554.9,1555.5,164059.0301
2022-10-28 23:49:00+00:00,1555.0,1555.3,1554.4,1554.4,50259.1145
2022-10-28 23:50:00+00:00,1554.4,1554.4,1554.3,1554.4,2205.6536
2022-10-28 23:51:00+00:00,1554.3,1555.7,1554.3,1555.7,30433.7542
2022-10-28 23:52:00+00:00,1556.1,1556.5,1556.0,1556.4,29741.1374
2022-10-28 23:53:00+00:00,1556.1,1556.6,1556.1,1556.6,10581.5922
2022-10-28 23:54:00+00:00,1556.7,1557.4,1556.0,1556.5,50300.4128
2022-10-28 23:55:00+00:00,1556.4,1556.4,1555.7,1555.7,5669.5694
2022-10-28 23:56:00+00:00,1556.3,1556.3,1555.9,1555.9,922.7455
2022-10-28 23:57:00+00:00,1555.4,1555.4,1554.7,1554.7,14484.4588
2022-10-28 23:58:00+00:00,1554.8,1555.3,1554.8,1554.8,20933.0177
